schema_version,profile_code,sheet,record_id,parameter_code,label,value,unit,status,source,notes
project-workbook-v1,warehouse,Объект,main,name,Название объекта,Типовой объект — пример,text,ASSUMPTION,Типовой пример организаторов / сценарное допущение; проверить на объекте,
project-workbook-v1,warehouse,Объект,main,timezone,Местный часовой пояс IANA,Asia/Sakhalin,IANA,ASSUMPTION,Типовой пример организаторов / сценарное допущение; проверить на объекте,
project-workbook-v1,warehouse,Зоны,main,label,Название зоны,Основная зона,text,ASSUMPTION,Типовой пример организаторов / сценарное допущение; проверить на объекте,
project-workbook-v1,warehouse,Зоны,main,constraints,"Ограничения проходов, пола, груза и безопасности","Проход, пол, безопасность и масса груза требуют обследования",text,ASSUMPTION,Типовой пример организаторов / сценарное допущение; проверить на объекте,
project-workbook-v1,warehouse,Процессы,operation,process_code,Код процесса (список в инструкции),warehouse_receiving_shipping,code,DATA,Выбор структуры шаблона — проверить,
project-workbook-v1,warehouse,Процессы,operation,zone_id,record_id зоны,main,code,DATA,Выбор структуры шаблона — проверить,
project-workbook-v1,warehouse,Процессы,operation,active,Описать активную операцию,YES,YES/NO,DATA,Выбор структуры шаблона — проверить,
project-workbook-v1,warehouse,Процессы,operation,demand,Поток за сутки,2000,pallet/day,ASSUMPTION,Типовой пример организаторов / сценарное допущение; проверить на объекте,
project-workbook-v1,warehouse,Процессы,operation,shifts,Смен в сутки,2,shift,ASSUMPTION,Типовой пример организаторов / сценарное допущение; проверить на объекте,
project-workbook-v1,warehouse,Процессы,operation,hours,Часов в смене,11,h,ASSUMPTION,Типовой пример организаторов / сценарное допущение; проверить на объекте,
project-workbook-v1,warehouse,Процессы,operation,days,Рабочих дней в году,365,day,ASSUMPTION,Типовой пример организаторов / сценарное допущение; проверить на объекте,
project-workbook-v1,warehouse,Процессы,operation,distance,Плечо в одну сторону,120,m,ASSUMPTION,Типовой пример организаторов / сценарное допущение; проверить на объекте,
project-workbook-v1,warehouse,Процессы,operation,batch,Единиц груза за рейс,1,unit/trip,ASSUMPTION,Типовой пример организаторов / сценарное допущение; проверить на объекте,
project-workbook-v1,warehouse,Процессы,operation,exchange_seconds,Погрузка и выгрузка за рейс,90,s,ASSUMPTION,Типовой пример организаторов / сценарное допущение; проверить на объекте,
project-workbook-v1,warehouse,Процессы,operation,cleaning_frequency,Уборок указанной площади за сутки,,1/day,UNKNOWN,,
project-workbook-v1,warehouse,Роли,staff,role_code,Код роли (список в инструкции),forklift_driver,code,DATA,Выбор структуры шаблона — проверить,
project-workbook-v1,warehouse,Роли,staff,process_ids,record_id процессов через запятую,operation,code,DATA,Выбор структуры шаблона — проверить,
project-workbook-v1,warehouse,Роли,staff,headcount,Численность роли без двойного учёта,25,person,ASSUMPTION,Типовой пример организаторов / сценарное допущение; проверить на объекте,
project-workbook-v1,warehouse,Роли,staff,salary,Зарплата до удержаний на человека за месяц,120000,RUB/person/month,ASSUMPTION,Типовой пример организаторов / сценарное допущение; проверить на объекте,
project-workbook-v1,warehouse,Экономика,main,evaluation_date,Дата оценки,2026-09-26,YYYY-MM-DD,ASSUMPTION,Типовой пример организаторов / сценарное допущение; проверить на объекте,
project-workbook-v1,warehouse,Экономика,main,horizon_years,Горизонт оценки,5,year,ASSUMPTION,Типовой пример организаторов / сценарное допущение; проверить на объекте,
project-workbook-v1,warehouse,Экономика,main,discount_rate,Ставка дисконтирования (0.15 = 15%),0.15,1,ASSUMPTION,Типовой пример организаторов / сценарное допущение; проверить на объекте,
project-workbook-v1,warehouse,Экономика,main,manual_units_per_shift,Ручная выработка,100,unit/shift,ASSUMPTION,Типовой пример организаторов / сценарное допущение; проверить на объекте,
project-workbook-v1,warehouse,Экономика,main,control_headcount,Диспетчеры сейчас,0,person,ASSUMPTION,Типовой пример организаторов / сценарное допущение; проверить на объекте,
project-workbook-v1,warehouse,Экономика,main,control_monthly_gross,Gross диспетчера в месяц,100000,RUB/person/month,ASSUMPTION,Типовой пример организаторов / сценарное допущение; проверить на объекте,
project-workbook-v1,warehouse,Экономика,main,technician_headcount,Техники сейчас,0,person,ASSUMPTION,Типовой пример организаторов / сценарное допущение; проверить на объекте,
project-workbook-v1,warehouse,Экономика,main,technician_monthly_gross,Gross техника в месяц,120000,RUB/person/month,ASSUMPTION,Типовой пример организаторов / сценарное допущение; проверить на объекте,
project-workbook-v1,warehouse,Экономика,main,implementation_cost_total_gross,"Внедрение, gross всего",500000,RUB,ASSUMPTION,Типовой пример организаторов / сценарное допущение; проверить на объекте,
project-workbook-v1,warehouse,Экономика,main,annual_service_per_robot_gross,"Сервис робота, gross за год",120000,RUB/year,ASSUMPTION,Типовой пример организаторов / сценарное допущение; проверить на объекте,
project-workbook-v1,warehouse,Экономика,main,warranty_years,Гарантия,1,year,ASSUMPTION,Типовой пример организаторов / сценарное допущение; проверить на объекте,
project-workbook-v1,warehouse,Экономика,main,average_power_w,Средняя мощность робота,1000,W,ASSUMPTION,Типовой пример организаторов / сценарное допущение; проверить на объекте,
project-workbook-v1,warehouse,Экономика,main,shared_site_capital_gross,"Общий CAPEX площадки, gross",0,RUB,ASSUMPTION,Типовой пример организаторов / сценарное допущение; проверить на объекте,
project-workbook-v1,warehouse,Экономика,main,shared_annual_cost_gross,"Общий OPEX площадки, gross за год",0,RUB/year,ASSUMPTION,Типовой пример организаторов / сценарное допущение; проверить на объекте,
project-workbook-v1,warehouse,Экономика,main,raas_monthly_per_robot_gross,"Тариф услуги, gross на робота в месяц",180000,RUB/robot/month,ASSUMPTION,Типовой пример организаторов / сценарное допущение; проверить на объекте,
project-workbook-v1,warehouse,Экономика,main,raas_contract_months,Длительность услуги,60,month,ASSUMPTION,Типовой пример организаторов / сценарное допущение; проверить на объекте,
project-workbook-v1,warehouse,Экономика,main,raas_infrastructure_owner,Кто владеет инфраструктурой CUSTOMER/VENDOR,VENDOR,code,ASSUMPTION,Типовой пример организаторов / сценарное допущение; проверить на объекте,
project-workbook-v1,warehouse,Экономика,main,start_seconds_from_midnight,Модельное начало смены от 00:00,32400,s,ASSUMPTION,Типовой пример организаторов / сценарное допущение; проверить на объекте,
project-workbook-v1,warehouse,Экономика,main,purchase_price,Предложенная цена — хранится; расчёт пока использует цену каталога,,RUB,UNKNOWN,,
project-workbook-v1,warehouse,Экономика,main,currency,Валюта предложения,,code,UNKNOWN,,
project-workbook-v1,warehouse,Экономика,main,vat_basis,НДС и состав предложения,,text,UNKNOWN,,
project-workbook-v1,warehouse,Экономика,main,role_salaries_confirmed_as_monthly_gross,Предложение: зарплаты gross/месяц,YES,YES/NO,ASSUMPTION,Типовой пример организаторов / сценарное допущение; проверить на объекте,
project-workbook-v1,warehouse,Экономика,main,organizer_price_currency_rub_confirmed,Предложение: цена каталога в рублях,YES,YES/NO,ASSUMPTION,Типовой пример организаторов / сценарное допущение; проверить на объекте,
project-workbook-v1,warehouse,Экономика,main,initial_battery_in_robot_price_confirmed,Предложение: батарея включена в цену,YES,YES/NO,ASSUMPTION,Типовой пример организаторов / сценарное допущение; проверить на объекте,
project-workbook-v1,warehouse,Экономика,main,battery_replacements_in_service_confirmed,Предложение: замена батарей в сервисе,YES,YES/NO,ASSUMPTION,Типовой пример организаторов / сценарное допущение; проверить на объекте,
project-workbook-v1,warehouse,Экономика,main,raas_vendor_scope_confirmed,Предложение: состав RaaS включает оборудование/ПО/интеграцию/сервис,YES,YES/NO,ASSUMPTION,Типовой пример организаторов / сценарное допущение; проверить на объекте,
project-workbook-v1,warehouse,Паспорт,main,obschaya_ploschad_sklada,Общая площадь склада,20000,м²,ASSUMPTION,Типовой пример организаторов / сценарное допущение; проверить на объекте,
project-workbook-v1,warehouse,Паспорт,main,ploschad_aktivnoy_robotiziruemoy_zony,Площадь активной (роботизируемой) зоны,10000,м²,ASSUMPTION,Типовой пример организаторов / сценарное допущение; проверить на объекте,
project-workbook-v1,warehouse,Паспорт,main,vysota_potolkov_v_zone_hraneniya,Высота потолков в зоне хранения,10,м,ASSUMPTION,Типовой пример организаторов / сценарное допущение; проверить на объекте,
project-workbook-v1,warehouse,Паспорт,main,kolichestvo_etazhey_mezoninov,Количество этажей (мезонинов),1,шт.,ASSUMPTION,Типовой пример организаторов / сценарное допущение; проверить на объекте,
project-workbook-v1,warehouse,Паспорт,main,shirina_glavnyh_proezdov,Ширина главных проездов,3.5,м,ASSUMPTION,Типовой пример организаторов / сценарное допущение; проверить на объекте,
project-workbook-v1,warehouse,Паспорт,main,shirina_rabochih_prohodov_mezhdu_stellazhami,Ширина рабочих проходов между стеллажами,2.8,м,ASSUMPTION,Типовой пример организаторов / сценарное допущение; проверить на объекте,
project-workbook-v1,warehouse,Паспорт,main,tip_napolnogo_pokrytiya,Тип напольного покрытия,Промышленный бетон,-,ASSUMPTION,Типовой пример организаторов / сценарное допущение; проверить на объекте,
project-workbook-v1,warehouse,Паспорт,main,rovnost_pola_otklonenie,Ровность пола (отклонение),3,мм/2м,ASSUMPTION,Типовой пример организаторов / сценарное допущение; проверить на объекте,
project-workbook-v1,warehouse,Паспорт,main,kolichestvo_rabochih_smen_v_sutki,Количество рабочих смен в сутки,2,смен,ASSUMPTION,Типовой пример организаторов / сценарное допущение; проверить на объекте,
project-workbook-v1,warehouse,Паспорт,main,rabochih_dney_v_godu,Рабочих дней в году,365,дн.,ASSUMPTION,Типовой пример организаторов / сценарное допущение; проверить на объекте,
project-workbook-v1,warehouse,Паспорт,main,prodolzhitelnost_smeny,Продолжительность смены,11,ч,ASSUMPTION,Типовой пример организаторов / сценарное допущение; проверить на объекте,
project-workbook-v1,warehouse,Паспорт,main,pikovyy_koefficient_nagruzki,Пиковый коэффициент нагрузки,1.5,-,ASSUMPTION,Типовой пример организаторов / сценарное допущение; проверить на объекте,
project-workbook-v1,warehouse,Паспорт,main,obem_priemki_poddony_sutki,Объём приёмки (поддоны/сутки),1000,поддон/сут,ASSUMPTION,Типовой пример организаторов / сценарное допущение; проверить на объекте,
project-workbook-v1,warehouse,Паспорт,main,obem_otgruzki_poddony_sutki,Объём отгрузки (поддоны/сутки),1000,поддон/сут,ASSUMPTION,Типовой пример организаторов / сценарное допущение; проверить на объекте,
project-workbook-v1,warehouse,Паспорт,main,obem_otbora_strok_sutki_vsego,"Объём отбора (строк/сутки, всего)",100000,строк/сут,ASSUMPTION,Типовой пример организаторов / сценарное допущение; проверить на объекте,
project-workbook-v1,warehouse,Паспорт,main,obem_otbora_shtuk_sutki_vsego,"Объём отбора (штук/сутки, всего)",150000,шт./сут,ASSUMPTION,Типовой пример организаторов / сценарное допущение; проверить на объекте,
project-workbook-v1,warehouse,Паспорт,main,dolya_melkoshtuchnogo_otbora_piece_pick,Доля мелкоштучного отбора (piece-pick),30,%,ASSUMPTION,Типовой пример организаторов / сценарное допущение; проверить на объекте,
project-workbook-v1,warehouse,Паспорт,main,kolichestvo_sku_aktivnyh,Количество SKU (активных),2000,SKU,ASSUMPTION,Типовой пример организаторов / сценарное допущение; проверить на объекте,
project-workbook-v1,warehouse,Паспорт,main,dolya_sku_s_bystrym_oborotom_a_klass,Доля SKU с быстрым оборотом (A-класс),20,%,ASSUMPTION,Типовой пример организаторов / сценарное допущение; проверить на объекте,
project-workbook-v1,warehouse,Паспорт,main,obschaya_chislennost_personala_sklada,Общая численность персонала склада,180,чел.,ASSUMPTION,Типовой пример организаторов / сценарное допущение; проверить на объекте,
project-workbook-v1,warehouse,Паспорт,main,iz_nih_otborschiki_komplektovschiki,Из них: отборщики (комплектовщики),100,чел.,ASSUMPTION,Типовой пример организаторов / сценарное допущение; проверить на объекте,
project-workbook-v1,warehouse,Паспорт,main,iz_nih_operatory_pogruzchikov,Из них: операторы погрузчиков,25,чел.,ASSUMPTION,Типовой пример организаторов / сценарное допущение; проверить на объекте,
project-workbook-v1,warehouse,Паспорт,main,iz_nih_operatory_upakovochnyh_liniy,Из них: операторы упаковочных линий,20,чел.,ASSUMPTION,Типовой пример организаторов / сценарное допущение; проверить на объекте,
project-workbook-v1,warehouse,Паспорт,main,srednyaya_z_p_otborschika_gross,Средняя з/п отборщика (gross),100000,руб./мес.,ASSUMPTION,Типовой пример организаторов / сценарное допущение; проверить на объекте,
project-workbook-v1,warehouse,Паспорт,main,srednyaya_z_p_operatora_pogruzchika_gross,Средняя з/п оператора погрузчика (gross),120000,руб./мес.,ASSUMPTION,Типовой пример организаторов / сценарное допущение; проверить на объекте,
project-workbook-v1,warehouse,Паспорт,main,koefficient_nachisleniy_na_fot_strahovye_vznosy,Коэффициент начислений на ФОТ (страховые взносы),1.302,-,ASSUMPTION,Типовой пример организаторов / сценарное допущение; проверить на объекте,
project-workbook-v1,warehouse,Паспорт,main,srednyaya_vyrabotka_otborschika_strok_ch,Средняя выработка отборщика (строк/ч),150,строк/ч·чел,ASSUMPTION,Типовой пример организаторов / сценарное допущение; проверить на объекте,
project-workbook-v1,warehouse,Паспорт,main,koefficient_poter_rabochego_vremeni_otpusk_bolezn_tekuchest,"Коэффициент потерь рабочего времени (отпуск, болезнь, текучесть)",25,%,ASSUMPTION,Типовой пример организаторов / сценарное допущение; проверить на объекте,
project-workbook-v1,warehouse,Паспорт,main,srednyaya_dlina_marshruta_otborschika_na_1_stroku,Средняя длина маршрута отборщика на 1 строку,25,м,ASSUMPTION,Типовой пример организаторов / сценарное допущение; проверить на объекте,
project-workbook-v1,warehouse,Паспорт,main,protyazhennost_konveyernoy_transportnoy_sistemy,Протяжённость конвейерной/транспортной системы,350,м,ASSUMPTION,Типовой пример организаторов / сценарное допущение; проверить на объекте,
project-workbook-v1,warehouse,Паспорт,main,tip_stellazhnoy_sistemy,Тип стеллажной системы,Фронтальные паллетные,-,ASSUMPTION,Типовой пример организаторов / сценарное допущение; проверить на объекте,
project-workbook-v1,warehouse,Паспорт,main,kolichestvo_palletomest,Количество паллетомест,20000,м/п,ASSUMPTION,Типовой пример организаторов / сценарное допущение; проверить на объекте,
project-workbook-v1,warehouse,Паспорт,main,srednyaya_massa_gruzovoy_edinicy_pallet,Средняя масса грузовой единицы (паллет),800,кг,ASSUMPTION,Типовой пример организаторов / сценарное допущение; проверить на объекте,
project-workbook-v1,warehouse,Паспорт,main,srednyaya_massa_shtuchnoy_edinicy_sku,Средняя масса штучной единицы (SKU),1.8,кг,ASSUMPTION,Типовой пример организаторов / сценарное допущение; проверить на объекте,
project-workbook-v1,warehouse,Паспорт,main,srednie_gabarity_pallety_d_sh_v,Средние габариты паллеты (Д×Ш×В),1200×800×1600,мм,ASSUMPTION,Типовой пример организаторов / сценарное допущение; проверить на объекте,
project-workbook-v1,warehouse,Паспорт,main,srednie_gabarity_shtuchnoy_edinicy_d_sh_v,Средние габариты штучной единицы (Д×Ш×В),300×200×150,мм,ASSUMPTION,Типовой пример организаторов / сценарное допущение; проверить на объекте,
project-workbook-v1,warehouse,Паспорт,main,dolya_negabaritnyh_nestandartnyh_gruzov,Доля негабаритных/нестандартных грузов,5,%,ASSUMPTION,Типовой пример организаторов / сценарное допущение; проверить на объекте,
project-workbook-v1,warehouse,Паспорт,main,moschnost_elektrosnabzheniya_dostupnaya,Мощность электроснабжения (доступная),500,кВт,ASSUMPTION,Типовой пример организаторов / сценарное допущение; проверить на объекте,
project-workbook-v1,warehouse,Паспорт,main,nalichie_wms,Наличие WMS,Да ,-,ASSUMPTION,Типовой пример организаторов / сценарное допущение; проверить на объекте,
project-workbook-v1,warehouse,Паспорт,main,nalichie_erp_1s,Наличие ERP/1С,1С:ERP,-,ASSUMPTION,Типовой пример организаторов / сценарное допущение; проверить на объекте,
project-workbook-v1,warehouse,Паспорт,main,planiruemyy_byudzhet_na_robotizaciyu_capex,Планируемый бюджет на роботизацию (CAPEX),80,млн руб.,ASSUMPTION,Типовой пример организаторов / сценарное допущение; проверить на объекте,
project-workbook-v1,warehouse,Паспорт,main,gorizont_rascheta_okupaemosti,Горизонт расчёта окупаемости,5,лет,ASSUMPTION,Типовой пример организаторов / сценарное допущение; проверить на объекте,
