applicability_id;organizer_id;original_row;industry;scenario;region;case;source_file;source_note
app-v4-row-0002;5760e938-9a43-45a7-b8e8-f4f2e6383930;2;Торговля и услуги;Внутрискладская логистика;Москва;Внедрено 48 роботов на складах ГК «Восток-Сервис» для транспортировки грузов между зонами хранения. В результате производительность выросла вдвое - с 4 до 8 тысяч отгрузок за смену, количество ошибок сократилось в 13 раз.;catalog_export_v4.csv;"One record per original CSV row; no deduplication of applicability."
app-v4-row-0003;3f2aaa1b-2237-4d7b-b215-1ac5ec789ed5;3;Торговля и услуги;Внутрискладская логистика;Москва;В подразделении ГК «Деловые Линии» (Новосибирск) внедрена автоматизированная система сортировки посылок весом до 30 кг. В результате производительность сортировки повышена в 1,5 раза, снижены трудоемкость и себестоимость работ.;catalog_export_v4.csv;"One record per original CSV row; no deduplication of applicability."
app-v4-row-0004;6f3da854-41da-4363-8496-5487f37c845a;4;Торговля и услуги;Внутрискладская логистика;Москва;На предприятии автопрома реализована компенсация конвейерного разрыва на базе AMR Ronavi H2000: синхронизированы производственные процессы, уменьшено количество пилотируемой техники на участке;catalog_export_v4.csv;"One record per original CSV row; no deduplication of applicability."
app-v4-row-0005;66d8e7ad-cdcd-4287-afb0-e2afa9ef5217;5;Торговля и услуги;Внутрискладская логистика;Москва;Изготовлен и испытан промышленный образец с опрокидываемым ковшом, для компактной и гибкой подиумной сортировки;catalog_export_v4.csv;"One record per original CSV row; no deduplication of applicability."
app-v4-row-0006;dcfd9975-81eb-49b5-a422-827a720ba582;6;Торговля и услуги;Внутрискладская логистика;Москва;Бесподвесочный логистический робот с поворотным кругом для транспортировки мобильных стеллажей и столиков разработан и испытан, готов к серийному производству;catalog_export_v4.csv;"One record per original CSV row; no deduplication of applicability."
app-v4-row-0007;4d347e47-38f9-415b-aae1-7a6d3759a75c;7;Торговля и услуги;Внутрискладская логистика;Москва;Разработана конструкторская документация ультратонкого логистического робота для транспортировки ролл-кейджей;catalog_export_v4.csv;"One record per original CSV row; no deduplication of applicability."
app-v4-row-0008;89ffd69f-f07b-4bf2-8023-1fd765a2b6ff;8;Торговля и услуги;Внутрискладская логистика;Москва;Более 40 AMR100 с двумя типами оснасток в составе действующей роботизированной линии СООО «Белвест». Перемещение грузов по территории цеха осуществляется исключительно с помощью мобильных роботов без участия человека. Сложная маршрутная карта насчитывает сотни перекрестков и тысячи различных вариаций маршрутов.;catalog_export_v4.csv;"One record per original CSV row; no deduplication of applicability."
app-v4-row-0009;5ec66969-8fcc-47b3-b517-a9c29372fffe;9;Торговля и услуги;Внутрискладская логистика;Москва;27 роботов AMR800 с различными типами оснастки протестированы на складах крупных e-commerce компаний. Подтверждено соответствие роботов заявленным характеристикам, а также продемонстрирована стабильность работы аппаратной и программной частей.  Кроме того, подтверждены эффективность роботизации складской логистики и повышение производительности за счет автоматизации перемещения паллет и стеллажей при отборе товаров для последующей отгрузки.;catalog_export_v4.csv;"One record per original CSV row; no deduplication of applicability."
app-v4-row-0010;7d5a76d2-7bf3-4a40-b6f7-64590d4d9273;10;Торговля и услуги;Внутрискладская логистика;Москва;В Центре испытаний робототехники в Сколково подтверждены заявленные ТТХ, в т.ч.: • точность навигации и маневрирования в ограниченном пространстве • способность распознавать препятствия и безопасно их объезжать • работу алгоритмов маршрутизации и оптимизации пути • скорость и точность выполнения задач по перемещению грузов • автономность работы и эффективность системы зарядки • устойчивость к внешним помехам и стабильность связи;catalog_export_v4.csv;"One record per original CSV row; no deduplication of applicability."
app-v4-row-0011;cccd0c0d-8ae7-435d-a171-45f5d82886e6;11;Торговля и услуги;Внутрискладская логистика;Санкт-Петербург;Робот для перемещения грузов на отдельно стоящих стеллажах и тележках успешно прошел испытания, проведенные ФЦ БАС и МИК. Платформа подтвердила заявленную грузоподъемность и время автономной работы.;catalog_export_v4.csv;"One record per original CSV row; no deduplication of applicability."
app-v4-row-0012;be814758-3616-4b94-befa-9848be2ac604;12;Торговля и услуги;Внутрискладская логистика;Санкт-Петербург;Робот DRM 600 проходит тестирование на собственном заводе компании;catalog_export_v4.csv;"One record per original CSV row; no deduplication of applicability."
app-v4-row-0013;993d980e-8b91-45e0-9c98-50ffab6e11e4;13;Торговля и услуги;Внутрискладская логистика;Санкт-Петербург;Проведены успешные испытания робота «Сёмабот» грузоподъемностью 1,5 тонны на тестовой площадке в Сколково под задачи крупных складских комплексов ритейла. Платформа подтвердила заявленную грузоподъемность и время автономной работы.;catalog_export_v4.csv;"One record per original CSV row; no deduplication of applicability."
app-v4-row-0014;f7634ef8-0034-4c5b-b2f0-e44a14f05a76;14;Торговля и услуги;Внутрискладская логистика;Санкт-Петербург;Автономный FMR-робот (вилочный погрузчик) ДиКом DMR Carrier P находиться на стадии пилотного тестирования;catalog_export_v4.csv;"One record per original CSV row; no deduplication of applicability."
app-v4-row-0015;5a36611d-033e-4893-bd49-5d4f776f57dd;15;Торговля и услуги;Внутрискладская логистика;Москва;Внедрены 67 роботов FMR в распределительном центре «Пятерочки» X5 Group «Новая Рига» для перемещения, сортировки и транспортировки грузов. Использование одного робота позволяет экономить 180 человеко-часов за одну процедуру инвентаризации.;catalog_export_v4.csv;"One record per original CSV row; no deduplication of applicability."
app-v4-row-0016;2ffc706d-fe43-4c2b-baad-a624a95ad3ce;16;Торговля и услуги;Внутрискладская логистика;Москва;Реализован проект по роботизации процессов перемещения паллетных грузов с производства на склад на предприятии ООО ФИРМА «ЦИКЛ» (Ковров) и заводе Knauf (Красногорск).;catalog_export_v4.csv;"One record per original CSV row; no deduplication of applicability."
app-v4-row-0017;b4a9ef38-b68a-4c0f-8512-9bc9a718c4e1;17;Торговля и услуги;Внутрискладская логистика;Москва;На автомобильном заводе ГАЗ (Нижний Новгород) запущен складской робот-тягач для транспортировки комплектующих со склада к производственной линии предприятия.;catalog_export_v4.csv;"One record per original CSV row; no deduplication of applicability."
app-v4-row-0018;0ece582a-084c-4a8b-99f4-576f0e01b7c8;18;Торговля и услуги;Внутрискладская логистика;Москва;Автоматизирован даркстор X5 Group: были роботизированы хранение сухих товаров и сборка клиентских заказов для онлайн-доставки.;catalog_export_v4.csv;"One record per original CSV row; no deduplication of applicability."
app-v4-row-0019;19a68304-56f7-432f-afd8-b97b2b8466ba;19;Торговля и услуги;Внутрискладская логистика;Москва;Разработан программно-аппаратный комплекс «Беспилотный погрузчик» для автономной работы на складах в одном пространстве с людьми. Пилотные проекты реализованы в логистических центрах «ВкусВилл», X5 Group и СберЛогистика, первое коммерческое использование начато для компании «НижБел».;catalog_export_v4.csv;"One record per original CSV row; no deduplication of applicability."
app-v4-row-0020;ecd7d582-b342-449a-b43b-66288d159a32;20;Торговля и услуги;Внутрискладская логистика;Москва;Робот прошел пилотное тестирование на складе 3PL-оператора RFL. Пилот проходит на широкопроходном складе площадью 20 000 м² на 27 000 палетомест с интенсивным палетным потоком;catalog_export_v4.csv;"One record per original CSV row; no deduplication of applicability."
app-v4-row-0021;e8960183-1828-4fdb-8c39-91f5a3523a96;21;Торговля и услуги;Уборка помещений;Москва;В фондохранилище Государственного Эрмитажа успешно внедрен клининговый комплекс, осуществляющий уборку по заданному расписанию на двух типах покрытия с преодолением перепадов пола и выбором режима уборки (интенсивное, обычное).;catalog_export_v4.csv;"One record per original CSV row; no deduplication of applicability."
app-v4-row-0022;446c5207-a099-45e0-b615-afd60de08589;22;Торговля и услуги;Уборка помещений;Ярославская область;Робот уборщик успешно внедряется на различных типах объектов: в Красноярском аэропорту, Красноярском техникуме, ТЦ KazanMall, в продуктовой сети Магнит и на других объектах;catalog_export_v4.csv;"One record per original CSV row; no deduplication of applicability."
app-v4-row-0023;e2095cfe-3ce4-404e-a4bb-2f378480d7ca;23;Торговля и услуги;Уборка помещений;Москва;«Автомакон» внедряет роботов в распределительных центрах «Пятёрочки» X5 Group. Первая партия из 12 роботов уже работает в РЦ «Пятёрочки» в Подмосковье.;catalog_export_v4.csv;"One record per original CSV row; no deduplication of applicability."
app-v4-row-0024;f31223c1-44c8-4410-8381-6356e2158b61;24;Торговля и услуги;Уборка помещений;Ростовская область;Внедрены роботы «Клинботикс 400 ПРО» в ТРЦ «Гранд Каньон. Территория развития» в Санкт-Петербурге. Площадь уборки составляет более 2 тыс. м²;catalog_export_v4.csv;"One record per original CSV row; no deduplication of applicability."
app-v4-row-0025;5a5b3599-bd64-4330-9bbb-4f8ce7d780b9;25;Торговля и услуги;Уборка помещений;Ростовская область;Внедрены два робота уборщика в НИИ Скорой помощи им. Н.В. Склифосовского в Москве для автоматической уборки помещений с высокой проходимостью. В результате сокращено время уборки с 1,5 часов до 35 минут, снижен расход воды и электроэнергии.;catalog_export_v4.csv;"One record per original CSV row; no deduplication of applicability."
app-v4-row-0026;9b20417a-0ac7-4786-985b-f3459a15075d;26;Торговля и услуги;Уборка помещений;Москва;Проведены испытания и осуществлено внедрение робота для уборки зала в одном из магазинов сети «Ашан». Подтверждены отсутствие столкновений и стабильная работа в условиях людских потоков.;catalog_export_v4.csv;"One record per original CSV row; no deduplication of applicability."
app-v4-row-0027;ce44017e-6ada-421d-bbce-6869b33c2cda;27;Торговля и услуги;Сортировка грузов ;Республика Татарстан;Робот-манипулятор А25-1720 предназначен для погрузки-разгрузки и осуществления сборочных работ, максимальная грузоподъемность до 25 кг;catalog_export_v4.csv;"One record per original CSV row; no deduplication of applicability."
app-v4-row-0028;fceeacf0-579f-46cc-92ff-2057fea5da7f;28;Торговля и услуги;Сортировка грузов ;Республика Татарстан;"Как робот‑манипулятор А12 заменил бригаду сварщиков: кейс КАМАЗа
Создание учебных РТК на базе А12-1450 в Калужском филиале Института развития профессионального образования";catalog_export_v4.csv;"One record per original CSV row; no deduplication of applicability."
app-v4-row-0029;cebbdfa8-500a-425f-bcbc-ad2dcc106539;29;Торговля и услуги;Сортировка грузов;Санкт-Петербург;ООО «ЭНКОР» — автоматизированный паллетный склад с краном-штабелером;catalog_export_v4.csv;"One record per original CSV row; no deduplication of applicability."
app-v4-row-0030;c125ce9a-8f04-4183-a136-5ddbb3c5ae89;30;Торговля и услуги;Сортировка грузов;Санкт-Петербург;"Применим для хранения и сортировки грузов на складе по принципу ""Товар к человеку""";catalog_export_v4.csv;"One record per original CSV row; no deduplication of applicability."
app-v4-row-0031;eff2586c-892d-4e44-a407-1ec7f06c8f76;31;Торговля и услуги;Сортировка грузов;Московская область;Завод «Святой Источник» — автоматизация высокоплотного паллетного хранения;catalog_export_v4.csv;"One record per original CSV row; no deduplication of applicability."
app-v4-row-0032;c3d39a80-5fb9-42d3-82ae-0696fb647128;32;Торговля и услуги;Сортировка грузов;Москва;Команда разработчиков «Яндекс Роботикс» представила мобильного робота-комплектовщика, предназначенного для выполнения тяжелых задач сборки товара.;catalog_export_v4.csv;"One record per original CSV row; no deduplication of applicability."
app-v4-row-0033;c87a27d2-065f-4b82-9ccc-91078a56ef15;33;Торговля и услуги;Сортировка грузов;Москва;Представлена разработка роборуки на подвижной платформе для автономной сборки заказов с полок и укладки в транспортную тару.;catalog_export_v4.csv;"One record per original CSV row; no deduplication of applicability."
app-v4-row-0034;05505022-3ef7-43da-8279-718e7c432491;34;Торговля и услуги;Сортировка грузов;Москва;Внедрена система Pick by Voice и Pick to Light в распределительном центре сети «Дикси» для ускорения сборки онлайн-заказов. В результате скорость сборки выросла вдвое, уровень ошибок снижен до 0,03%, пересорт практически исчез.;catalog_export_v4.csv;"One record per original CSV row; no deduplication of applicability."
app-v4-row-0035;a556b956-a781-4c38-9fc8-7daeca279b59;35;Торговля и услуги;Сортировка грузов;Москва;Внедрена система Pick by Voice и Pick to Light в распределительном центре сети «Дикси» для ускорения сборки онлайн-заказов. В результате скорость сборки выросла вдвое, уровень ошибок снижен до 0,03%, пересорт практически исчез.;catalog_export_v4.csv;"One record per original CSV row; no deduplication of applicability."
app-v4-row-0036;9dfb0b55-4d9e-47fc-8a28-ad4390147a26;36;Торговля и услуги;Инвентаризация склада;Москва;На складе сети «Азбука Вкуса» внедрен робот-инвентаризатор от «Яндекс Роботикс», что позволило ускорить проверку остатков, повысить точность учета и обеспечить годовую экономию более 1 млн рублей.;catalog_export_v4.csv;"One record per original CSV row; no deduplication of applicability."
app-v4-row-0037;242d637c-6512-4bdf-9964-2c0010259f36;37;Торговля и услуги;Инвентаризация склада;Москва;Сеть «ВкусВилл» начала роботизацию складов, включая внедрение AI Stock Counter 12M, что позволило снизить количество ошибок почти вдвое (с 2200 до 1300), а ежемесячная экономия превышает 350 тысяч рублей.;catalog_export_v4.csv;"One record per original CSV row; no deduplication of applicability."
app-v4-row-0038;db02c054-a08a-4ddf-a957-6137eeef93ba;38;Торговля и услуги;Доставка последней мили;Москва;Внедрение 300 роботов-доставщиков в Яндекс Еде и Лавке (Москва, СПБ, Ленобласть, Иннополис) позволило выполнить 1 млн заказов, снизить стоимость доставки на 66% и ускорить роботов на 10% за счёт новой нейросети.;catalog_export_v4.csv;"One record per original CSV row; no deduplication of applicability."
app-v4-row-0039;fbd349c2-88c1-412f-95c2-96a8383217ed;39;Торговля и услуги;Доставка последней мили;Москва;Компания «Эфко» в сотрудничестве с НИУ ВШЭ разработала пилотный проект человекоподобного робота-курьера «Аркус» (Arcus).;catalog_export_v4.csv;"One record per original CSV row; no deduplication of applicability."
app-v4-row-0040;fade5829-1946-4cf6-a0e6-8f8381d64312;40;Торговля и услуги;Администрирование торгового зала;Пермский край;Сеть гипермаркетов «Лента» внедрила несколько штук роботов-консультантов Promobot. Они предоставляют посетителям информацию об актуальных акциях, скидках, а также демонстрируют важные материалы и предлагают протестировать новую продукцию.;catalog_export_v4.csv;"One record per original CSV row; no deduplication of applicability."
app-v4-row-0041;80c41c98-283d-4a29-8fce-4b9e6a1afce3;41;Торговля и услуги;Администрирование торгового зала;Пермский край;Анонсирован первый сольный концерт человекоподобного робота Арди для демонстрации возможностей серийного робота писать, исполнять музыку и двигаться подобно человеку.;catalog_export_v4.csv;"One record per original CSV row; no deduplication of applicability."
app-v4-row-0042;a9c720bc-e618-4dcc-90e1-990c5a3d1ae2;42;Торговля и услуги;Администрирование торгового зала;Москва;Представлен первый антропоморфный робот Сбера на конференции AI Journey. Запланированы пилотные проекты по интеграции робота в различные бизнес-процессы.;catalog_export_v4.csv;"One record per original CSV row; no deduplication of applicability."
app-v4-row-0043;c70f67e1-8f70-4dff-a4e2-584f0ebaefa1;43;Торговля и услуги;Администрирование торгового зала;Москва;С 1 июля 2026 года, робот Айдол проходит пилотирование на территории Ходынского поля. Робот занимается консультацией гостей и может просто с ними пообщаться на любые темы;catalog_export_v4.csv;"One record per original CSV row; no deduplication of applicability."
app-v4-row-0044;1615bcc8-7168-48b2-b2d3-99a9b89f54c0;44;Торговля и услуги;Приготовление напитков;Москва;2 робокафе в Москве на станциях метро Нижегородская (функционирует с 20.05.24) и Курская (запуск с 30.12.2024). Специальный проект с изолированной зоной под требования московского метрополитена.;catalog_export_v4.csv;"One record per original CSV row; no deduplication of applicability."
app-v4-row-0045;7cd0705f-0615-4abd-9c1d-00ff384ffb51;45;Торговля и услуги;Приготовление напитков;Москва;Компания SoloCoffee внедрила сеть роботизированных кафе различных форматов в общественных пространствах, включая парк Ветеранов и парк Мира.;catalog_export_v4.csv;"One record per original CSV row; no deduplication of applicability."
app-v4-row-0046;4dc9e1a3-441b-440c-931c-8011f7869dcf;46;Торговля и услуги;Сборка товаров;Москва;Робот «Воркер» уже проходит пилотные испытания на базе торговой сети «Перекрёсток». Ключевым преимуществом устройства является возможность интеграции в существующую инфраструктуру без необходимости перестройки среды.;catalog_export_v4.csv;"One record per original CSV row; no deduplication of applicability."
app-v4-row-0047;69437741-0523-499a-820a-cb375c1bf1ca;47;Торговля и услуги;Нестационарная торговля;Рязанская область;iQ-Bus использовался в качестве первого в мире автономного магазина без кассира. Робот самостоятельно двигался по заданному маршруту в парках Рязани и продавал кофе, мороженое или снеки.;catalog_export_v4.csv;"One record per original CSV row; no deduplication of applicability."
app-v4-row-0048;644aaab9-6ce1-4639-a60a-ed753f8bd589;48;Торговля и услуги;Зарядка электромобилей;Москва;Представлена автономная передвижная станция «Росатома» для зарядки электромобилей — беспилотный робот-заправщик на колесной платформе, самостоятельно подъезжающий к машинам на парковке.;catalog_export_v4.csv;"One record per original CSV row; no deduplication of applicability."
app-v4-row-0049;cdf80f5b-c60a-447b-af30-2c8a44480f98;49;Торговля и услуги;Доставка грузов;Москва;"«Белка» — российский робот-доставщик выходит на рынок: мелкосерийное производство и тесты в московских ЖК
Дронсхаб Групп запустили производство первой отечественной логистической роботизированной платформы «Белка» для замены курьеров на этапе доставки товаров и продуктов от подъезда до квартир.";catalog_export_v4.csv;"One record per original CSV row; no deduplication of applicability."
app-v4-row-0050;0a4cab58-e194-4329-8f23-6074a5f7455f;50;Промышленность;Производство изделий;Москва;Внедрены коллаборативные роботы серии RC («РОБОПРО») на предприятиях машиностроения, металлообработки и пищевой промышленности.;catalog_export_v4.csv;"One record per original CSV row; no deduplication of applicability."
app-v4-row-0051;72acd18d-325d-4a3e-9472-093ecdcdbb4b;51;Промышленность;Производство изделий;Москва;Внедрен робот-манипулятор «Берилл» («Валдай Роботы») в производственный процесс Московского центра SPARC-технологий (МЦСТ).;catalog_export_v4.csv;"One record per original CSV row; no deduplication of applicability."
app-v4-row-0052;0f4d3500-ce64-4525-a1c1-bfb542c022d3;52;Промышленность;Производство изделий;Москва;Завод «ТОНАР» осуществляет переход на автоматизацию и роботизацию производства с целью обеспечения высокого уровня качества и производительности.;catalog_export_v4.csv;"One record per original CSV row; no deduplication of applicability."
app-v4-row-0053;d6f3eec1-61c1-40ac-98b1-0f5d80877cb7;53;Промышленность;Производство изделий;Москва;Сформирована линейка «Прикладной робототехники», включающая набор узкоспециализированных роботов для конкретных процессов: сборки, сварки и финишной обработки.;catalog_export_v4.csv;"One record per original CSV row; no deduplication of applicability."
app-v4-row-0054;7cd137fa-d946-4603-9ef3-e36914001ae8;54;Промышленность;Производство изделий;Москва;"Автоматизация механической обработки для ООО «Анвита»
Автоматизация станка с ЧПУ для ООО «Завод АМО Сталь»
Роботизация фрезерного участка для ООО «Олеон Технолоджи»
Увеличение производительности в два раза для НПП «Спецэлектромагнит»";catalog_export_v4.csv;"One record per original CSV row; no deduplication of applicability."
app-v4-row-0055;eb72e89f-014f-4583-903c-c03be3bcfa1d;55;Промышленность;Производство изделий;Москва;"ООО «АЭСТЭ» — сварка деталей для автомобильной промышленности
Четырехкратное увеличение объема производства для компании GEFFEN";catalog_export_v4.csv;"One record per original CSV row; no deduplication of applicability."
app-v4-row-0056;8a0e653f-b151-46b9-8195-ab8c275a8007;56;Промышленность;Производство изделий;Москва;Решение REDWELD PRO на базе коллаборативного робота предназначено для мелко-серийных и штучных изделий;catalog_export_v4.csv;"One record per original CSV row; no deduplication of applicability."
app-v4-row-0057;1906efb4-3ed1-4882-ad33-2a527ef214ac;57;Промышленность;Производство изделий;Республика Татарстан;Робот-манипулятор А6-2000 предназначен для сварки, паллетирования и осуществления сборочных работ, максимальная грузоподъемность до 6 кг;catalog_export_v4.csv;"One record per original CSV row; no deduplication of applicability."
app-v4-row-0058;50005fcd-0788-4d5a-b133-bdb2f8ee0863;58;Промышленность;Производство изделий;Москва;"Применение двух комплексов REDEDUCATION PRO в МГТУ им. Н. Э. Баумана
Учебная и исследовательская эксплуатация REDEDUCATION PRO в Самарском университете имени академика С. П. Королёва 
Федеральный технопарк профессионального образования в Калуге — применение на чемпионате профессионального мастерства";catalog_export_v4.csv;"One record per original CSV row; no deduplication of applicability."
app-v4-row-0059;ce44017e-6ada-421d-bbce-6869b33c2cda;59;Промышленность;Производство изделий;Республика Татарстан;Робот-манипулятор А25-1720 предназначен для погрузки-разгрузки и осуществления сборочных работ, максимальная грузоподъемность до 25 кг;catalog_export_v4.csv;"One record per original CSV row; no deduplication of applicability."
app-v4-row-0060;b6b87828-0604-4874-8ea9-46c513840c23;60;Промышленность;Производство изделий;Республика Татарстан;Робот-манипулятор А220-2700 предназначен для погрузки-разгрузки, точечной сварки и осуществления сборочных работ, максимальная грузоподъемность до 220 кг;catalog_export_v4.csv;"One record per original CSV row; no deduplication of applicability."
app-v4-row-0061;fceeacf0-579f-46cc-92ff-2057fea5da7f;61;Промышленность;Производство изделий;Республика Татарстан;"Как робот‑манипулятор А12 заменил бригаду сварщиков: кейс КАМАЗа
Создание учебных РТК на базе А12-1450 в Калужском филиале Института развития профессионального образования";catalog_export_v4.csv;"One record per original CSV row; no deduplication of applicability."
app-v4-row-0062;e11fd28e-58be-448d-b32d-236e4de8d6d8;62;Промышленность;Производство изделий;Санкт-Петербург;Как D.Operator P вывел загрузку станков с 40 % до 100 %: кейс машиностроительного завода;catalog_export_v4.csv;"One record per original CSV row; no deduplication of applicability."
app-v4-row-0063;92c20e09-7763-4649-bc50-11381fe2818c;63;Промышленность;Производство изделий;Москва;Агрогруппа «Хорошее дело» и птицефабрика «Чамзинская»: автоматизация укладки в гофротару;catalog_export_v4.csv;"One record per original CSV row; no deduplication of applicability."
app-v4-row-0064;a83abbfd-78ee-43dc-9111-f51db4938001;64;Промышленность;Внутрипроизводственная логистика;Санкт-Петербург;"АО «Чепецкий механический завод» — закупка робота для внутрипроизводственной логистики
«Металлообработка-2025» — интеграция с автоматизированной системой хранения
Российская неделя роботизации — доставка комплектующих к роботизированной ячейке";catalog_export_v4.csv;"One record per original CSV row; no deduplication of applicability."
app-v4-row-0065;be814758-3616-4b94-befa-9848be2ac604;65;Промышленность;Внутрипроизводственная логистика;Санкт-Петербург;Внедрено два робота DMR 600 на «Заводе ВРК Сапфир» для межоперационной транспортировки тяжелых заготовок между складом и ЧПУ-станками. В результате процесс подачи деталей к манипуляторам полностью автоматизирован, скорость обеспечения станков сырьем выросла на треть.;catalog_export_v4.csv;"One record per original CSV row; no deduplication of applicability."
app-v4-row-0066;5b43b013-3a2e-42ca-9013-33d0a9c39b05;66;Промышленность;Внутрипроизводственная логистика;Санкт-Петербург;Планируется поставить 2 тяжелые мобильные платформы грузоподъемностью 15 тонн, рассчитанные на перемещение крупногабаритных деталей по производственным цехам, на предприятия авиационной промышленности.;catalog_export_v4.csv;"One record per original CSV row; no deduplication of applicability."
app-v4-row-0067;5760e938-9a43-45a7-b8e8-f4f2e6383930;67;Промышленность;Внутрипроизводственная логистика;Москва;Внедрено 2 робота Ronavi H1500 на автосборочном заводе для межоперационной транспортировки кузовных деталей между сборочным и покрасочным цехами. В результате классическая конвейерная лента заменена на гибкий маршрут, полностью исключены простои смежных зон, а время перемещения крупногабаритных узлов сократилось на 20%.;catalog_export_v4.csv;"One record per original CSV row; no deduplication of applicability."
app-v4-row-0068;6f3da854-41da-4363-8496-5487f37c845a;68;Промышленность;Внутрипроизводственная логистика;Москва;На предприятии автопрома реализована компенсация конвейерного разрыва на базе AMR Ronavi H2000: синхронизированы производственные процессы, уменьшено количество пилотируемой техники на участке;catalog_export_v4.csv;"One record per original CSV row; no deduplication of applicability."
app-v4-row-0069;c9e9517c-18f0-47b4-aa05-4344566aa885;69;Промышленность;Внутрипроизводственная логистика;Санкт-Петербург;Внедрен флот транспортных роботов «Сёмабот» на собственном заводе промышленных роботов компании «Семаргл» для межоперационной доставки компонентов ;catalog_export_v4.csv;"One record per original CSV row; no deduplication of applicability."
app-v4-row-0070;3f2a1265-3c35-4823-9d20-1978c86e424b;70;Промышленность;Внутрипроизводственная логистика;Санкт-Петербург;Грузовые роверы TAGARKA успешно работают в авиастроительной промышленности;catalog_export_v4.csv;"One record per original CSV row; no deduplication of applicability."
app-v4-row-0071;0265d700-534e-417e-8fde-47de88fc3ebb;71;Промышленность;Внутрипроизводственная логистика;Пермский край;Разработан робот для транспортировки деталей и инструментов в ОДК-СТАР, устройство необходимо испытать на реальном производстве для принятия решения о серийном запуске.;catalog_export_v4.csv;"One record per original CSV row; no deduplication of applicability."
app-v4-row-0072;d55f507b-b3f2-4666-b3f4-dd3d48813e9d;72;Промышленность;Укладка заготовок;Москва;Внедрен робот ARIPIX А1 на линию укладки заготовок (HAAS) в «Гидроэл инжиниринг». В результате ручной труд снижен на 50%, производительность выросла на 40%.;catalog_export_v4.csv;"One record per original CSV row; no deduplication of applicability."
app-v4-row-0073;22b5ba99-bc4f-46a7-9a9b-e4475ecd9fc7;73;Промышленность;Укладка заготовок;Москва;Внедрен роботизированный комплекс на производстве основ для пицц компании «Вкусилия».;catalog_export_v4.csv;"One record per original CSV row; no deduplication of applicability."
app-v4-row-0074;937da5de-b4a1-4a88-ac6d-a97206bdbe98;74;Промышленность;Мониторинг состояния инфраструктуры;Пензенская область;Завод в Волгодонске запустил роботизированный комплекс для ультразвукового контроля сварных швов реакторов («робот-паук»), ускоряющий процесс проверки в три раза.;catalog_export_v4.csv;"One record per original CSV row; no deduplication of applicability."
app-v4-row-0075;7dcb35ee-d630-408a-a3d7-54797ac162db;75;Промышленность;Сортировка грузов на производстве;Санкт-Петербург;На комбинате лесопромышленной группы «Свеза» начал работу робот-сортировщик Яша для автоматизации сортировки фанерных листов весом до 80 кг.;catalog_export_v4.csv;"One record per original CSV row; no deduplication of applicability."
app-v4-row-0076;c9c11d90-43b8-450f-b778-65d4f02db031;76;Промышленность;Автоматизированный лабораторный анализ пластовых вод;Санкт-Петербург;На Восточно-Мессояхском нефтепромысле робот-лаборант получил обновление ПО для определения шестикомпонентного ионного состава пластовой воды.;catalog_export_v4.csv;"One record per original CSV row; no deduplication of applicability."
app-v4-row-0077;0073d0bb-54cd-40f0-897b-75b22d3e9f8c;77;Промышленность;Мониторинг;Москва;"В Москве представлен новый робот-патрульный «Легат Патрол», предназначенный для контроля качества воздуха на промышленных объектах.
Экологический мониторинг на промышленных объектах";catalog_export_v4.csv;"One record per original CSV row; no deduplication of applicability."
app-v4-row-0078;6c0df6e9-ea39-40d2-93af-7aec13d629c7;78;Сельское хозяйство;Мониторинг и контроль внутренних водных объектов для выявления незаконного вылова рыбы;Санкт-Петербург;БАС применяется для мониторинговых задач;catalog_export_v4.csv;"One record per original CSV row; no deduplication of applicability."
app-v4-row-0079;8dbe4684-18ef-49f7-bced-95969703a49a;79;Сельское хозяйство;Мониторинг и контроль внутренних водных объектов для выявления незаконного вылова рыбы;Удмуртская Республика;БАС применяется для мониторинговых задач;catalog_export_v4.csv;"One record per original CSV row; no deduplication of applicability."
app-v4-row-0080;6d9890b0-d95a-4bae-8947-0a09d23c30e5;80;Сельское хозяйство;Мониторинг и контроль внутренних водных объектов для выявления незаконного вылова рыбы;Удмуртская Республика;БАС применяется для мониторинговых задач;catalog_export_v4.csv;"One record per original CSV row; no deduplication of applicability."
app-v4-row-0081;93ad5785-a2bb-47a2-b611-1b9b857cea48;81;Сельское хозяйство;Мониторинг и контроль внутренних водных объектов для выявления незаконного вылова рыбы;Москва;БАС применяется для мониторинговых задач;catalog_export_v4.csv;"One record per original CSV row; no deduplication of applicability."
app-v4-row-0082;f1c8478c-86c2-4381-96db-08e0ae889b41;82;Сельское хозяйство;Мониторинг и контроль внутренних водных объектов для выявления незаконного вылова рыбы;Санкт-Петербург;БАС применяется для мониторинговых задач;catalog_export_v4.csv;"One record per original CSV row; no deduplication of applicability."
app-v4-row-0083;3d8ff7d4-19fb-4a21-bc4a-15fb13ad3393;83;Сельское хозяйство;Мониторинг состояния посевов и полей;Санкт-Петербург;Комплекс «Геоскан 201» внедрен «Агрофирмой АНК» в Амурской области с 2022 года для всестороннего обследования сельскохозяйственных полей.;catalog_export_v4.csv;"One record per original CSV row; no deduplication of applicability."
app-v4-row-0084;19283c8d-abfd-41a4-a4dd-846392728ea9;84;Сельское хозяйство;Мониторинг и анализ состояния посевов и полей;Санкт-Петербург;БАС применяется для мониторинговых задач;catalog_export_v4.csv;"One record per original CSV row; no deduplication of applicability."
app-v4-row-0085;79b43d24-a12d-4852-a1b2-db6090f3c824;85;Сельское хозяйство;Птицеводство;Москва;Внедрена робототехника для скоростной вакцинации птицы.;catalog_export_v4.csv;"One record per original CSV row; no deduplication of applicability."
app-v4-row-0086;f381872e-d6aa-43b6-be2a-ba36cc9eb90a;86;Сельское хозяйство;Птицеводство;Москва;Разработан робот для птицеводства, обеспечивающий автоматическое распознавание и сбор павшей птицы и напольного яйца.;catalog_export_v4.csv;"One record per original CSV row; no deduplication of applicability."
app-v4-row-0087;aa8e3b27-df64-4a6a-9248-b1eedb41dd4e;87;Сельское хозяйство;Сбор молока;Нижегородская область;Наращено серийное производство роботов с 2022 года с мощностью завода от 8 единиц в месяц. С 2025 года начаты поставки в Беларусь.;catalog_export_v4.csv;"One record per original CSV row; no deduplication of applicability."
app-v4-row-0088;6a8c6254-6885-42bd-afb7-b3b4095fb972;88;Сельское хозяйство;Вспашка;Москва;Запущен пилотный этап проекта с парком из 70–80 автономных тракторов в Амурской области для обработки до 15 тысяч гектаров полей.;catalog_export_v4.csv;"One record per original CSV row; no deduplication of applicability."
app-v4-row-0089;c8331668-727b-4b5f-a39f-bff2248beb5e;89;Сельское хозяйство;Вспашка;Чувашская Республика;Минтранс России сообщил об успешном завершении испытаний нового беспилотного трактора «Агромаш 85ТК», подтвердившего свои технические характеристики.;catalog_export_v4.csv;"One record per original CSV row; no deduplication of applicability."
app-v4-row-0090;9186592a-aa17-47a3-b1bb-1477d71cf28d;90;Сельское хозяйство;Вспашка;Рязанская область;В Рязанской области проведены полевые испытания беспилотного трактора «АгроБот».;catalog_export_v4.csv;"One record per original CSV row; no deduplication of applicability."
app-v4-row-0091;3d96dcc2-134a-4f9c-85d1-51963038edab;91;Сельское хозяйство;Вспашка;Ростовская область;На территории учебно-опытного полигона Донского государственного технического университета успешно прошли полевые испытания универсального беспилотного трактора «Донтех». Эта инновационная разработка создана в рамках программы стратегического академического лидерства «Приоритет 2030» и федерального проекта «Передовые инженерные школы» в сотрудничестве с компанией Ростсельмаш и Московским политехническим университетом;catalog_export_v4.csv;"One record per original CSV row; no deduplication of applicability."
app-v4-row-0092;bd7a808d-3f50-4bd0-93e9-87e9646cfb26;92;Сельское хозяйство;Сбор урожая;Москва;ООО «Электромотив» завершила полевые испытания робота-сборщика в Совхозе им. Ленина. Время сбора яблок составило не более 8-ми секунд.;catalog_export_v4.csv;"One record per original CSV row; no deduplication of applicability."
app-v4-row-0093;3a18c8b1-ac3d-4a67-a814-b96ef4e58388;93;Сельское хозяйство;Сбор урожая;Москва;Проведено успешное тестирование прототипа агробота с точностью обнаружения плодов свыше 97%, подтверждена готовность к полевым испытаниям.;catalog_export_v4.csv;"One record per original CSV row; no deduplication of applicability."
app-v4-row-0094;3ab89426-fb2c-4f49-b7f9-36fc34a3c98f;94;Сельское хозяйство;Сбор урожая;Санкт-Петербург;Анонсирован выпуск полностью беспилотных тракторов «Петербургским тракторным заводом» в опытно-промышленную эксплуатацию к 2030 году.;catalog_export_v4.csv;"One record per original CSV row; no deduplication of applicability."
app-v4-row-0095;74469f3b-8248-46ce-bcd4-34cd8731921c;95;Сельское хозяйство;Сбор урожая;Новосибирская область;Новосибирский госуниверситет разработал робота-манипулятора с компьютерным зрением для автоматического сбора томатов в теплицах.;catalog_export_v4.csv;"One record per original CSV row; no deduplication of applicability."
app-v4-row-0096;4469b185-99a3-4ba0-a95a-d5dd6946303a;96;Сельское хозяйство;Сбор урожая;Пермский край;Ученые разработали систему из трех типов роботов для автоматизации сбора ягод: разведчики с компьютерным зрением, манипуляторы-сборщики и транспортные агенты.;catalog_export_v4.csv;"One record per original CSV row; no deduplication of applicability."
app-v4-row-0097;98ceb2a0-f777-48ef-9863-3f9a80f8a237;97;Сельское хозяйство;Внесение веществ на поля;Москва;Cognitive Pilot разработала робота с ИИ для экспресс-анализа сельхозземель, который за 12 часов выдает результаты по 100 параметрам почвы, что позволило экономить удобрения до 25%.;catalog_export_v4.csv;"One record per original CSV row; no deduplication of applicability."
app-v4-row-0098;cbaf82f3-3cf4-4ac8-9b8f-eddfdeb337ce;98;Сельское хозяйство;Внесение веществ на поля, Мониторинг и анализ состояния посевов и полей;Москва;Агродрон регулярно проводит мониторинг на полях в Калининграде;catalog_export_v4.csv;"One record per original CSV row; no deduplication of applicability."
app-v4-row-0099;1aaa2bd1-c536-41e1-80f0-0f81ab1455b5;99;Сельское хозяйство;Мониторинг и анализ состояния посевов и полей;Москва;Российские технические и аграрные университеты проводят тестирования автономных систем (включая лаборатории робототехники профильных вузов, таких как МТУСИ, Московский Политех, региональные аграрные институты).;catalog_export_v4.csv;"One record per original CSV row; no deduplication of applicability."
app-v4-row-0100;bec9e863-0c3d-44cc-a656-766a323a9746;100;ЖКХ;Внутритрубная диагностика;Москва;Проводились испытания в водоканале в Москве, где робот Tubot успешно проинспектировал действующий коллектор без остановки стоков и спуска персонала. В результате была подтверждена возможность автономной диагностики труб диаметром от 800 мм в условиях реальной городской инфраструктуры;catalog_export_v4.csv;"One record per original CSV row; no deduplication of applicability."
app-v4-row-0101;08ff32f6-6023-4b20-b528-322678f43910;101;ЖКХ;Внутритрубная диагностика;Московская область;Применен плавучий модуль W-350 с автономным роботом Taris в Благовещенске для телеинспекции ливневой канализации диаметром от 150 до 3000 мм.;catalog_export_v4.csv;"One record per original CSV row; no deduplication of applicability."
app-v4-row-0102;807309a0-adcf-46ae-a3ea-bd211588c856;102;ЖКХ;Внутритрубная диагностика;Санкт-Петербург;Завершена внутритрубная диагностика с помощью роботов тепломагистралей протяженностью 18,3 км перед отопительным сезоном. Предотвращены технологические нарушения на 54 участках.;catalog_export_v4.csv;"One record per original CSV row; no deduplication of applicability."
app-v4-row-0103;32bea36f-5198-4f16-a167-2e47acd63bd9;103;ЖКХ;Внутритрубная диагностика;Москва;Впервые проведено обследование тепловых сетей в городе Орел с применением метода внутритрубной диагностики на основе акустического резонанса.;catalog_export_v4.csv;"One record per original CSV row; no deduplication of applicability."
app-v4-row-0104;f0e502e3-5771-4464-a1df-97110801c7c3;104;ЖКХ;Ремонт дорожного покрытия;Челябинская область;Челябинский тракторный завод (ДСТ-УРАЛ) впервые применил беспилотные бульдозер, самосвал и экскаватор при реконструкции федеральной трассы М-5.;catalog_export_v4.csv;"One record per original CSV row; no deduplication of applicability."
app-v4-row-0105;ba5d2051-3036-439f-8b2e-e05e26581fe6;105;ЖКХ;Уборка улиц;Москва;Проведена апробация робота БРО 2.1 в парковой зоне загородного отеля для патрулирования и деликатной очистки территории, включая участки со сложным рельефом.;catalog_export_v4.csv;"One record per original CSV row; no deduplication of applicability."
app-v4-row-0106;ef375ca1-8de1-4a8d-9262-c1a6b71f0333;106;ЖКХ;Уборка улиц;Москва;Проведены испытания робота БРО 3.0 на площадке Московского инновационного кластера (ВДНХ), включавшие ночные миссии и уборку поверхностей с повышенной влажностью.;catalog_export_v4.csv;"One record per original CSV row; no deduplication of applicability."
app-v4-row-0107;2f46660e-ea20-4845-9620-8c743b03225b;107;ЖКХ;Уборка улиц;Москва;Завершена интеграция 30 роботов «Пиксель» в инфраструктуру пяти парков Москвы для уборки территорий. В результате проект вышел в стадию промышленной эксплуатации.;catalog_export_v4.csv;"One record per original CSV row; no deduplication of applicability."
app-v4-row-0108;d4b39362-518a-4cf2-8770-b69bc03585a0;108;ЖКХ;Уборка улиц;Новосибирская область;Протестирован роботизированный комплекс «Саранча» для борьбы с дикорастущими растениями и поддержания городской среды.;catalog_export_v4.csv;"One record per original CSV row; no deduplication of applicability."
app-v4-row-0109;5cecfb84-143b-4af7-89fb-afbf57403792;109;ЖКХ;Уборка улиц;Краснодарский край;Проведены полевые испытания роботизированного комплекса «МАРК» с уровнем локализации более 90% в Геленджике для уборки парков, тротуаров и парковок.;catalog_export_v4.csv;"One record per original CSV row; no deduplication of applicability."
app-v4-row-0110;0b9f76be-8213-4938-9661-2bb669dc3d33;110;ЖКХ;Уборка улиц;Москва;"Новые модификации наземного робототехнического комплекса ""Депеша-3"" впервые представлены на форуме ""Инженеры будущего"" холдингом ""Высокоточные комплексы"" госкорпорации ""Ростех"".  Робот способен убирать снег, а так же в перспективе иметь различное навесное оборудование для различных типов задач";catalog_export_v4.csv;"One record per original CSV row; no deduplication of applicability."
app-v4-row-0111;1625ac11-76d0-4994-a86a-e0a540453984;111;ЖКХ;Уборка улиц;Москва;Производителем протестирован робот, предназначенный для сухой уборки складов, заводов и логистических центров. Срок окупаемости робота составляет менее года.;catalog_export_v4.csv;"One record per original CSV row; no deduplication of applicability."
app-v4-row-0112;94795e84-261d-456f-a58c-66b3e79a8213;112;ЖКХ;Дорожные работы;Ярославская область;Созданы первые в России автоматизированные катки на базе RV-7DD и RV-11DD и автономный асфальтоукладчик «Десна 2100» для дорожного строительства.;catalog_export_v4.csv;"One record per original CSV row; no deduplication of applicability."
app-v4-row-0113;f2b0dca0-0e77-454d-8d41-d6198a2a82b8;113;ЖКХ;Дорожные работы;Брянская область;Разработан роботизированный асфальтоукладчик для полностью автономного распределения смеси по заданной траектории с точностью до 2 см.;catalog_export_v4.csv;"One record per original CSV row; no deduplication of applicability."
app-v4-row-0114;9a941386-07e2-4350-ae35-f0d37a1d9f3f;114;ЖКХ;Мойка фасадов;Москва;БАС предназначен для мойки фасадов и стеклопакетов высотных зданий и сооружений;catalog_export_v4.csv;"One record per original CSV row; no deduplication of applicability."
app-v4-row-0115;9f06ff5b-0ed4-42e4-9795-b2cf3ac55fbb;115;ЖКХ;Мойка фасадов;Москва;БАС предназначен для мойки фасадов и стеклопакетов высотных зданий и сооружений;catalog_export_v4.csv;"One record per original CSV row; no deduplication of applicability."
app-v4-row-0116;7ad0ceb9-6ea8-4862-9e52-8b352a8b3dda;116;ЖКХ;Мониторинг теплотрасс;Москва;БАС применяется для мониторинговых задач;catalog_export_v4.csv;"One record per original CSV row; no deduplication of applicability."
app-v4-row-0117;018cc2dd-3dfe-4bd2-aac6-f54cbebd783e;117;ЖКХ;Проведение работ на воде;Севастополь;Внедрено 2 аппарата для уборки мусора в Балаклавской бухте Севастополя. За 4-х часовую рабочую смену один беспилотник может собрать порядка 2 куб. м плавающего пластика, бумаги и древесины.;catalog_export_v4.csv;"One record per original CSV row; no deduplication of applicability."
app-v4-row-0118;a51bb921-1931-474f-974e-7c37f9fd9aa0;118;ЖКХ;Мойка окон;Москва;Запланировано тестирование роботизированной техники на базе ЛИК ФЦ БАС.;catalog_export_v4.csv;"One record per original CSV row; no deduplication of applicability."
app-v4-row-0119;f1c8478c-86c2-4381-96db-08e0ae889b41;119;Строительство;Мониторинг теплотрасс;Санкт-Петербург;БАС применяется для мониторинговых задач;catalog_export_v4.csv;"One record per original CSV row; no deduplication of applicability."
app-v4-row-0120;6c0df6e9-ea39-40d2-93af-7aec13d629c7;120;Строительство;Контроль использования земельных участков;Санкт-Петербург;БАС применяется для мониторинговых задач;catalog_export_v4.csv;"One record per original CSV row; no deduplication of applicability."
app-v4-row-0121;33fca97e-ef4f-459d-a773-ab58b7f84fd5;121;Строительство;Поиск дефектов зданий и сооружений при помощи ИИ, Мониторинг теплотрасс, Контроль карьеров и земляных работ с использованием фотограмметрии, Мониторинг состояния полигонов ТБО на предмет соответствия нормативным требованиям;Санкт-Петербург;БАС применяется для мониторинговых задач;catalog_export_v4.csv;"One record per original CSV row; no deduplication of applicability."
app-v4-row-0122;845b14b5-e469-4676-a3f3-39725fc6354e;122;Строительство;Предпроектные изыскания с использованием фотограмметрии и воздушного лазерного сканирования;Санкт-Петербург;БАС применяется для мониторинговых задач;catalog_export_v4.csv;"One record per original CSV row; no deduplication of applicability."
app-v4-row-0123;b639b73b-9c1e-4eec-af6f-9662e1d1d171;123;Строительство;Мониторинг теплотрасс;Республика Татарстан;БАС применяется для мониторинговых задач;catalog_export_v4.csv;"One record per original CSV row; no deduplication of applicability."
app-v4-row-0124;8dbe4684-18ef-49f7-bced-95969703a49a;124;Строительство;Мониторинг теплотрасс, Поиск дефектов зданий и сооружений при помощи ИИ, Предпроектные изыскания с использованием фотограмметрии и воздушного лазерного сканирования, Выполнение контрольных мероприятий на этапе строительно-монтажных работ с использованием фотограмметрии, воздушного лазерного сканирования и тепловизионной съемки;Удмуртская Республика;БАС применяется для мониторинговых задач;catalog_export_v4.csv;"One record per original CSV row; no deduplication of applicability."
app-v4-row-0125;c293732e-214e-4473-93fd-15db477db3af;125;Строительство;Контроль использования земельных участков;Санкт-Петербург;БАС применяется для мониторинговых задач;catalog_export_v4.csv;"One record per original CSV row; no deduplication of applicability."
app-v4-row-0126;ccb79192-b9e8-418d-b7bd-eb26c78ee461;126;Строительство;Контроль использования земельных участков;Санкт-Петербург;БАС применяется для мониторинговых задач;catalog_export_v4.csv;"One record per original CSV row; no deduplication of applicability."
app-v4-row-0127;a3b4c902-9e1b-454b-a2bf-01c6d0e98bdb;127;Строительство;Возведение объектов;Ярославская область;С помощью роботизированного 3D-принтера AMT S300 был построен целый поселок в Республике Татарстан, построено 34 дома. В общей стоимости дома это примерно 8-12% экономии по сравнению с традиционными методами строительства.;catalog_export_v4.csv;"One record per original CSV row; no deduplication of applicability."
app-v4-row-0128;1f82ce16-5670-4903-a4ea-bfdbbc710f20;128;Строительство;Возведение объектов;Москва;26 марта 2026 года на Краснопресненской набережной состоялась торжественная церемония закладки первого бетонного блока в основание Национального центра «Россия» с помощью системы дистанционного управления «Вирсайн». Старт дал Президент РФ Владимир Путин.;catalog_export_v4.csv;"One record per original CSV row; no deduplication of applicability."
app-v4-row-0129;192ce3de-958f-4bad-9440-c2b3ab56634a;129;Строительство;Возведение объектов;Москва;Компания «КБ-интеграл» заявила, что комплекс МРСК полностью спроектирован, запрограммирован и выпускается на производственной базе компании в Москве.;catalog_export_v4.csv;"One record per original CSV row; no deduplication of applicability."
app-v4-row-0130;164329f5-2baf-47bd-86d5-adabb2fbcbc0;130;Строительство;Перемещение грузов;Москва;"Дронсхаб» автоматизировала управление кранами на «Металл Сервис»: один оператор контролирует до 8 машин в разных регионах
Специалисты компании «Дронсхаб групп» оснастили погрузочные краны тамбовского предприятия «Металл Сервис» бортовыми управляющими комплексами для автоматизации операций крановщиков.";catalog_export_v4.csv;"One record per original CSV row; no deduplication of applicability."
app-v4-row-0131;441fadd3-016a-43f9-a331-f6e757c04ce9;131;Строительство;Перемещение грузов;Москва;"Роботизация образования: как автономные роверы Cargo UNIT обучают будущих инженеров на ВДНХ
Создана автономная роботизированная грузовая платформа грузоподъемностью до 300 кг для перевозки грузов по территории строительной площадки без участия человека-оператора.";catalog_export_v4.csv;"One record per original CSV row; no deduplication of applicability."
app-v4-row-0132;ee36ba78-6a9f-4ef8-9296-8ffa022782cd;132;Строительство;Поиск дефектов зданий и сооружений при помощи ИИ;Москва;Разработана методика синтетических данных в МАИ для обучения нейросети БПЛА считыванию показаний промышленных приборов в рамках умной дефектоскопии.;catalog_export_v4.csv;"One record per original CSV row; no deduplication of applicability."
app-v4-row-0133;3d8ff7d4-19fb-4a21-bc4a-15fb13ad3393;133;Строительство;Предпроектные изыскания;Санкт-Петербург;Проведена аэрофотосъемка «Геоскан» в Якутии для предпроектных изысканий под строительство малой АЭС и горно-обогатительного комбината на месторождении Кючус.;catalog_export_v4.csv;"One record per original CSV row; no deduplication of applicability."
app-v4-row-0134;3c19d4d7-f1b7-4c46-8169-6c3b6b9345fb;134;Строительство;Демонтаж объектов;Москва;Демонтажные роботы AZARRUS используются на объектах металлургической, горнодобывающей и строительной отраслей для выполнения работ в ограниченных пространствах.;catalog_export_v4.csv;"One record per original CSV row; no deduplication of applicability."
app-v4-row-0135;51505cb4-2db8-498b-a16c-421e6b816f82;135;Строительство;Мониторинг замкнутых пространств;Республика Татарстан;«Норникель» внедрил дрон, не требующий GPS для навигации в шахтах.;catalog_export_v4.csv;"One record per original CSV row; no deduplication of applicability."
app-v4-row-0136;f347978a-e6d5-473c-be89-2209a2d8c003;136;Строительство;Контроль использования земельных участков;Омская область;Специалисты Краевого БТИ внедрили конвертоплан ОМДЖЕТ для высокоточной аэросъемки, заменив трудоемкие наземные обмеры при постановке объектов на кадастровый учет;catalog_export_v4.csv;"One record per original CSV row; no deduplication of applicability."
app-v4-row-0137;7ad0ceb9-6ea8-4862-9e52-8b352a8b3dda;137;Строительство;Мониторинг;Москва;БАС применяется для мониторинговых задач;catalog_export_v4.csv;"One record per original CSV row; no deduplication of applicability."
app-v4-row-0138;c05b1315-5e53-46fe-bbc1-a5eb6a1aa6ae;138;Строительство;Мониторинг;Красноярский край;БАС OMEGA благодаря своим компактным габаритам и складной конструкции оперативно разворачивается прямо на стройплощадке. Проводя площадную высокоточную аэрофотосъемку, дрон зависает над конструкциями под разными углами.;catalog_export_v4.csv;"One record per original CSV row; no deduplication of applicability."
app-v4-row-0139;f1c8478c-86c2-4381-96db-08e0ae889b41;139;ТЭК;Регулярный мониторинг трубопроводов и детальный анализ, Регулярный мониторинг ЛЭП;Санкт-Петербург;БАС применяется для мониторинговых задач;catalog_export_v4.csv;"One record per original CSV row; no deduplication of applicability."
app-v4-row-0140;6c0df6e9-ea39-40d2-93af-7aec13d629c7;140;ТЭК;Регулярный мониторинг трубопроводов и детальный анализ, Детальный анализ состояния ЛЭП, Геологический контроль (надзор);Санкт-Петербург;БАС применяется для мониторинговых задач;catalog_export_v4.csv;"One record per original CSV row; no deduplication of applicability."
app-v4-row-0141;33fca97e-ef4f-459d-a773-ab58b7f84fd5;141;ТЭК;"Контроль состояния складов и отвалов горнодобывающих компаний 
с использованием фотограмметрии";Санкт-Петербург;БАС применяется для мониторинговых задач;catalog_export_v4.csv;"One record per original CSV row; no deduplication of applicability."
app-v4-row-0142;3d8ff7d4-19fb-4a21-bc4a-15fb13ad3393;142;ТЭК;Регулярный мониторинг трубопроводов и детальный анализ;Санкт-Петербург;БАС применяется для мониторинговых задач;catalog_export_v4.csv;"One record per original CSV row; no deduplication of applicability."
app-v4-row-0143;4d5900ff-77ef-4536-8077-7f18bc242a53;143;ТЭК;Регулярный мониторинг трубопроводов и детальный анализ, Детальный анализ состояния ЛЭП;Удмуртская Республика;БАС применяется для мониторинговых задач;catalog_export_v4.csv;"One record per original CSV row; no deduplication of applicability."
app-v4-row-0144;8dbe4684-18ef-49f7-bced-95969703a49a;144;ТЭК;Геологический контроль (надзор);Удмуртская Республика;БАС применяется для мониторинговых задач;catalog_export_v4.csv;"One record per original CSV row; no deduplication of applicability."
app-v4-row-0145;93ad5785-a2bb-47a2-b611-1b9b857cea48;145;ТЭК;Геологический контроль (надзор);Москва;БАС применяется для мониторинговых задач;catalog_export_v4.csv;"One record per original CSV row; no deduplication of applicability."
app-v4-row-0146;5778fa74-615d-4f5e-8660-70d0d7ee4b88;146;ТЭК;Внутритрубная диагностика, очистка и ремонт труб;Москва;Успешно применен роботизированный метод стриппинга нефтехимического оборудования на Вынгапуровском месторождении («Газпром-нефть-Ноябрьскнефтегаз»).;catalog_export_v4.csv;"One record per original CSV row; no deduplication of applicability."
app-v4-row-0147;bec9e863-0c3d-44cc-a656-766a323a9746;147;ТЭК;Внутритрубная диагностика, очистка и ремонт труб;Москва;Применены роботы для внутритрубной диагностики на нефтегазовом месторождении в ЯНАО.;catalog_export_v4.csv;"One record per original CSV row; no deduplication of applicability."
app-v4-row-0148;8ab1ea05-1c09-4f71-88a4-fffb0b725d6b;148;ТЭК;Проведение подводных работ и мониторинга;Севастополь;Испытанный при разливе мазута аппарат из Севастополя предложили применять в газовой сфере.;catalog_export_v4.csv;"One record per original CSV row; no deduplication of applicability."
app-v4-row-0149;45487628-a2c6-421f-9ea4-761b6c3be240;149;ТЭК;Проведение подводных работ и мониторинга;Севастополь;Модульная надводная многофункциональная платформа применяется для мониторинговых задач;catalog_export_v4.csv;"One record per original CSV row; no deduplication of applicability."
app-v4-row-0150;60023f03-3a54-4d12-a1d7-6a00f8a353be;150;ТЭК;Проведение подводных работ и мониторинга, Доставка грузов;Севастополь;Безэкипажный катер предназначен для мониторинга, патрулирования, доставки полезной нагрузки массой до 350 кг в речных и морских акваториях;catalog_export_v4.csv;"One record per original CSV row; no deduplication of applicability."
app-v4-row-0151;3416f6ec-ccf2-457f-b076-fa9d09648e33;151;ТЭК;Мониторинг трубопроводов;Сахалинская область;Безэкипажный катер для доставки грузов грузоподъемностью 750 кг совершил переход из Тараная до мыса Анастасия на Сахалине. В результате были подтверждены надежность и эффективность аппарата.;catalog_export_v4.csv;"One record per original CSV row; no deduplication of applicability."
app-v4-row-0152;cd5058fb-f2d3-4bd2-8213-5e708d1cef3b;152;ТЭК;Проведение подводных работ и мониторинга; Калужская обл;Подводный аппарат РБ-100 применяется для смотровых, поисковых работ, а также для выполнения водолазных задач на глубине до 100 метров;catalog_export_v4.csv;"One record per original CSV row; no deduplication of applicability."
app-v4-row-0153;e0a7a647-8cdf-471a-bf6f-dff6ec9cec7d;153;ТЭК;Проведение подводных работ и мониторинга; Калужская обл;Подводный аппарат РБ-150 применяется для смотровых, поисковых работ, а также для выполнения водолазных задач на глубине до 100 метров и дальностью до 150 метров;catalog_export_v4.csv;"One record per original CSV row; no deduplication of applicability."
app-v4-row-0154;5e346a9f-abe8-4aad-a2c2-87ba696942e8;154;ТЭК;Проведение подводных работ и мониторинга; Калужская обл;Подводный аппарат РБ-300 применяется для смотровых, поисковых работ, а также для выполнения водолазных задач на глубине до 200 метров;catalog_export_v4.csv;"One record per original CSV row; no deduplication of applicability."
app-v4-row-0155;dc9e8ee5-17bf-422d-a621-daa8876e385c;155;ТЭК;Проведение подводных работ и мониторинга; Калужская обл;Подводный аппарат РБ-600 применяется для смотровых, поисковых работ, а также для выполнения водолазных задач на глубине до 300 метров;catalog_export_v4.csv;"One record per original CSV row; no deduplication of applicability."
app-v4-row-0156;aa6c4a0f-08d6-4e18-aae3-cb3856324c9c;156;ТЭК;Проведение подводных работ и мониторинга; Калужская обл;Подводный аппарат РБ-Мираж 1000 применяется для смотровых, поисковых работ, а также для выполнения водолазных задач на глубине до 1000 метров;catalog_export_v4.csv;"One record per original CSV row; no deduplication of applicability."
app-v4-row-0157;4051cac7-0e4b-408e-b9c0-71fb93471ff7;157;ТЭК;Проведение подводных работ и мониторинга;Москва;ТНПА с максимальной глубиной погружения до 300 метров применяется для инспекции прибрежных вод, обследования гидротехнических сооружений, трубопроводов и кабельных линий;catalog_export_v4.csv;"One record per original CSV row; no deduplication of applicability."
app-v4-row-0158;0a2e93bc-ebd4-4f0e-a4f5-c6097fe7a9b1;158;ТЭК;Проведение подводных работ и мониторинга;Москва;ТНПА с максимальной глубиной погружения до 150 метров применяется для инспекции прибрежных вод, обследования гидротехнических сооружений, трубопроводов и кабельных линий;catalog_export_v4.csv;"One record per original CSV row; no deduplication of applicability."
app-v4-row-0159;012ceb2f-4831-4039-a8db-64e6764884fb;159;ТЭК;Проведение подводных работ и мониторинга;Москва;ТНПА с максимальной глубиной погружения до 200 метров применяется для инспекции прибрежных вод, обследования гидротехнических сооружений, трубопроводов и кабельных линий;catalog_export_v4.csv;"One record per original CSV row; no deduplication of applicability."
app-v4-row-0160;f6cc47ab-c645-4fe5-9bd1-0acc609758f0;160;ТЭК;Проведение подводных работ и мониторинга;Омская область;Беспилотный катамаран проходит пилотные испытания;catalog_export_v4.csv;"One record per original CSV row; no deduplication of applicability."
app-v4-row-0161;ece9a02a-2d71-496f-a29d-39ab24a8e9d9;161;ТЭК;Регулярный мониторинг трубопроводов и детальный анализ;Москва;Беспилотный комплекс ZALA T-16 еженедельно пролетает более 4 000 км над объектами «Удмуртнефти» (Роснефть). Борт круглосуточно патрулирует трубопроводы, предотвращая кражи, незаконные врезки и выявляя тепловизором скрытые утечки нефти.;catalog_export_v4.csv;"One record per original CSV row; no deduplication of applicability."
app-v4-row-0162;c7c905b8-1dcd-43de-8d3c-6e4493077e28;162;ТЭК;Регулярный мониторинг трубопроводов и детальный анализ;Свердловская область;Тяжелый дрон «Грузовик М700» от «Лаборатории будущего» задействован в труднодоступных северных регионах, в частности на удаленных объектах и фельдшерско-акушерских пунктах Ханты-Мансийского автономного округа (ХМАО). ;catalog_export_v4.csv;"One record per original CSV row; no deduplication of applicability."
app-v4-row-0163;e091d100-5f2a-4b05-a012-e972f6367a4d;163;ТЭК;Регулярный мониторинг трубопроводов и детальный анализ;Свердловская область;Пожарный дрон «Грузовик М500 V2» применяется для ликвидации возгораний горючих жидкостей на промышленных предприятиях и складах ГСМ Свердловской области. ;catalog_export_v4.csv;"One record per original CSV row; no deduplication of applicability."
app-v4-row-0164;f1c8478c-86c2-4381-96db-08e0ae889b41;164;Безопасность;Мониторинг паводков и затоплений, Геофизическая разведка, Оценка ущерба от ЧС;Санкт-Петербург;БАС применяется для мониторинговых задач;catalog_export_v4.csv;"One record per original CSV row; no deduplication of applicability."
app-v4-row-0165;b639b73b-9c1e-4eec-af6f-9662e1d1d171;165;Безопасность;Мониторинг паводков и затоплений;Республика Татарстан;БАС применяется для мониторинговых задач;catalog_export_v4.csv;"One record per original CSV row; no deduplication of applicability."
app-v4-row-0166;c293732e-214e-4473-93fd-15db477db3af;166;Безопасность;Мониторинг паводков и затоплений, Оценка ущерба от ЧС;Санкт-Петербург;БАС применяется для мониторинговых задач;catalog_export_v4.csv;"One record per original CSV row; no deduplication of applicability."
app-v4-row-0167;6c0df6e9-ea39-40d2-93af-7aec13d629c7;167;Безопасность;Геофизическая разведка;Санкт-Петербург;БАС применяется для мониторинговых задач;catalog_export_v4.csv;"One record per original CSV row; no deduplication of applicability."
app-v4-row-0168;a23855b0-2d22-44f1-838c-b4d23f4a69fb;168;Безопасность;Поиск пропавших людей, Мониторинг ПДД, Разбор ДТП;Санкт-Петербург;БАС применяется для мониторинговых задач;catalog_export_v4.csv;"One record per original CSV row; no deduplication of applicability."
app-v4-row-0169;8eb78e78-ab23-4f2a-9684-65fa37fd3a06;169;Безопасность;Геофизическая разведка;Ленинградская область;БАС применяется для мониторинговых задач;catalog_export_v4.csv;"One record per original CSV row; no deduplication of applicability."
app-v4-row-0170;8dbe4684-18ef-49f7-bced-95969703a49a;170;Безопасность;Поиск пропавших людей;Удмуртская Республика;БАС применяется для мониторинговых задач;catalog_export_v4.csv;"One record per original CSV row; no deduplication of applicability."
app-v4-row-0171;cf43e50c-bdf6-4069-accb-e16b1d2c670e;171;Безопасность;Поиск пропавших людей;Санкт-Петербург;БАС применяется для мониторинговых задач;catalog_export_v4.csv;"One record per original CSV row; no deduplication of applicability."
app-v4-row-0172;22de87a2-a16a-4ce3-9581-1c3eb6f6d2ec;172;Безопасность;Геофизическая разведка;Москва;БАС применяется для мониторинговых задач;catalog_export_v4.csv;"One record per original CSV row; no deduplication of applicability."
app-v4-row-0173;49db955c-62c7-4f69-912f-2745000471fa;173;Безопасность;Патрулирование территории;Москва;Патрульный робот приветствовал студентов на дне открытых дверей в Технопарке «Нагатино».;catalog_export_v4.csv;"One record per original CSV row; no deduplication of applicability."
app-v4-row-0174;6aa68572-2fef-4dd7-bfd5-68d117c558cc;174;Безопасность;Патрулирование территории;Москва;В парке «Зеленопарк» внедрен автономный комплекс для выполнения функций охранного робота.;catalog_export_v4.csv;"One record per original CSV row; no deduplication of applicability."
app-v4-row-0175;ac5b3159-9df0-4911-8cc3-31227a5b3b59;175;Безопасность;Патрулирование площадных объектов, Доставка биоматериалов;Москва;Дрон применяется в Калужской области для доставки грузов.;catalog_export_v4.csv;"One record per original CSV row; no deduplication of applicability."
app-v4-row-0176;0861538d-75c8-473e-a2ab-499a6b8c1d49;176;Безопасность;Доставка биоматериаловм;Нижегородская область;Запущен маршрут доставки биоматериалов с помощью БАС «Курьер-30» между медицинскими учреждениями в Нижегородской области. В результате время транспортировки сокращено с 1,5 часа до 10 минут, за год перевезено около 800 кг грузов.;catalog_export_v4.csv;"One record per original CSV row; no deduplication of applicability."
app-v4-row-0177;0aaaa4d1-9ca6-4737-a3d6-92081635402c;177;Безопасность;Оказание медицинской помощи;Москва;Реабилитационный робототехнический комплекс, предназначенный для восстановления двигательной активности пациентов, внедрен в 18 медицинских учреждениях России;catalog_export_v4.csv;"One record per original CSV row; no deduplication of applicability."
app-v4-row-0178;bace806b-bb2c-42d1-806b-be4fd48f75f1;178;Безопасность;Тушение пожаров;Москва;Робототехнический комплекс использовался в межведомственных опытно-исследовательских учениях «Безопасная Арктика – 2025».;catalog_export_v4.csv;"One record per original CSV row; no deduplication of applicability."
app-v4-row-0179;04d05489-05fb-46b3-aed0-1012f96d34a3;179;Безопасность;Эвакуация пострадавших с места ЧС;Москва;Внедрен робот «Спасатель» компании Гумич РТК на территории Ямала для проверки состояния домов на сваях в условиях вечной мерзлоты.;catalog_export_v4.csv;"One record per original CSV row; no deduplication of applicability."
app-v4-row-0180;b86f4613-789b-4cee-9f75-5d010da90b61;180;Безопасность;Обследование подземной инфраструктуры;Рязанская область;В Московской области стартовали испытания российских роботов с технологией подземного зрения для автономного поиска и классификации подземных объектов.;catalog_export_v4.csv;"One record per original CSV row; no deduplication of applicability."
app-v4-row-0181;26cb8cfb-e0bd-44e7-ae06-22b7bc8379f5;181;Безопасность;Мониторинг мелководья;Санкт-Петербург;Компания получила патент на морской робототехнический комплекс «Лоцман» для работы на предельном мелководье. Система предназначена для гидрографических исследований.;catalog_export_v4.csv;"One record per original CSV row; no deduplication of applicability."
app-v4-row-0182;75877a99-cc68-454a-b77f-12f2641337cc;182;Безопасность;Мониторинг и патрулирование;Севастополь;Безэкипажный катер предназначен для мониторинга, патрулирования в речных и морских акваториях, может развивать скорость до 60 км в час;catalog_export_v4.csv;"One record per original CSV row; no deduplication of applicability."
app-v4-row-0183;34590532-dff0-4178-a9ca-6782e4db1701;183;Безопасность;Мониторинг, патрулирование, перевозка грузов;Севастополь;Сверхмалый безэкипажный катер предназначен для мониторинга и скоростной доставки специальных грузов;catalog_export_v4.csv;"One record per original CSV row; no deduplication of applicability."
app-v4-row-0184;38db0187-c455-4601-9ba1-7a1012485e4a;184;Безопасность;Мониторинг и патрулирование;Москва;Внедрена технология для автономного патрулирования зоны стоянки самолета в аэропорту Жуковский в Москве.;catalog_export_v4.csv;"One record per original CSV row; no deduplication of applicability."
app-v4-row-0185;87af2fe4-1a49-4263-a2a0-85fbd2b87014;185;Транспорт и логистика;Регулярный мониторинг состояния железных дорог и детальный анализ, Перевозка грузов в труднодоступных районах;Свердловская область;Коптер применялся для доставки в Якутии через реку Лена;catalog_export_v4.csv;"One record per original CSV row; no deduplication of applicability."
app-v4-row-0186;4d5900ff-77ef-4536-8077-7f18bc242a53;186;Транспорт и логистика;Регулярный мониторинг состояния железных дорог и детальный анализ;Удмуртская Республика;БАС применяется для мониторинговых задач;catalog_export_v4.csv;"One record per original CSV row; no deduplication of applicability."
app-v4-row-0187;f1c8478c-86c2-4381-96db-08e0ae889b41;187;Транспорт и логистика;Регулярный мониторинг состояния железных дорог и детальный анализ, Ледовый мониторинг, Мониторинг состояния дорожного покрытия;Санкт-Петербург;БАС применяется для мониторинговых задач;catalog_export_v4.csv;"One record per original CSV row; no deduplication of applicability."
app-v4-row-0188;cf9643b1-7a04-429c-9ac2-33060c9f42dd;188;Транспорт и логистика;Перевозка грузов на закрытых площадках;Москва;"Внедрены 6 автономных грузовиков EVOCARGO N1 в ОЭЗ Алабуга для перевозки паллет с минеральной ватой по 3 маршрутам без участия человека.
Запущен пилотный проект по перевозке полимеров автономным электрогрузовиком EVOCARGO N1 на предприятии СИБУРа в Томской области для повышения эффективности логистики и снижения выбросов.
Электрогрузовик EVOCARGO N1 введен в коммерческую эксплуатацию во Владимирской области на территории технопарка Русклимат ИКСЭл. Использование автономного транспорта на электрической тяге позволит ТПХ Русклимат сократить выброс углекислого газа более чем на 800 кг в год.";catalog_export_v4.csv;"One record per original CSV row; no deduplication of applicability."
app-v4-row-0189;28a5afa8-0473-4f80-99a9-b2922b76810f;189;Транспорт и логистика;Перевозка грузов на закрытых площадках;Москва;Заключен контракт на поставку 45 роботизированных тягачей в аэропорт Пулково для перевозки багажа. Уже введены в эксплуатацию более 20 тягачей.;catalog_export_v4.csv;"One record per original CSV row; no deduplication of applicability."
app-v4-row-0190;d59a8cc3-4edf-428b-8b36-783ac2bf1514;190;Транспорт и логистика;Перевозка грузов в труднодоступных районах;Челябинская область;Начата регулярная эксплуатация беспилотных грузовиков «Газпром нефти» на месторождениях ЯНАО, Югры и Якутии для осуществления логистических операций.;catalog_export_v4.csv;"One record per original CSV row; no deduplication of applicability."
app-v4-row-0191;d532535e-0a3b-48f4-98bd-a063f2c743db;191;Транспорт и логистика;Перевозка грузов в труднодоступных районах;Москва;Проведена демонстрация возможностей автономной системы в рамках мероприятия «Московский робо-субботник».;catalog_export_v4.csv;"One record per original CSV row; no deduplication of applicability."
app-v4-row-0192;0861538d-75c8-473e-a2ab-499a6b8c1d49;192;Транспорт и логистика;Городская доставка в постаматы;Нижегородская область;Запущен маршрут доставки биоматериалов с помощью БАС «Курьер-30» между медицинскими учреждениями в Нижегородской области. В результате время транспортировки сокращено с 1,5 часа до 10 минут, за год перевезено около 800 кг грузов.;catalog_export_v4.csv;"One record per original CSV row; no deduplication of applicability."
app-v4-row-0193;ac5b3159-9df0-4911-8cc3-31227a5b3b59;193;Транспорт и логистика;Доставка последней мили;Москва;Дрон применяется в Калужской области для доставки грузов.;catalog_export_v4.csv;"One record per original CSV row; no deduplication of applicability."
app-v4-row-0194;38db0187-c455-4601-9ba1-7a1012485e4a;194;Транспорт и логистика;Мониторинг транспортной инфраструктуры;Москва;Внедрена технология для автономного патрулирования зоны стоянки самолета в аэропорту Жуковский в Москве.;catalog_export_v4.csv;"One record per original CSV row; no deduplication of applicability."
app-v4-row-0195;f551e523-fa94-4a0b-a2c8-56ace2f51818;195;Транспорт и логистика;Доставка в удаленные, труднодоступные районы;Москва;Разрабатывается для логистических задач;catalog_export_v4.csv;"One record per original CSV row; no deduplication of applicability."
app-v4-row-0196;7d1f1ab8-9bc2-45a0-9d76-c1de80c029df;196;Транспорт и логистика;Общественная перевозка пассажиров;Москва;Завершена опытная эксплуатация первого в России беспилотного трамвая в Москве с общим пробегом по городским маршрутам более 6 тыс. км.;catalog_export_v4.csv;"One record per original CSV row; no deduplication of applicability."
app-v4-row-0197;8900ef0c-62a4-4f79-92dc-402d6ac9fb72;197;Транспорт и логистика;Общественная перевозка пассажиров;Московская область;Реализован пилотный проект по тестированию системы беспилотного управления движением поездов метрополитена.;catalog_export_v4.csv;"One record per original CSV row; no deduplication of applicability."
app-v4-row-0198;a834aa03-136e-4f61-a1d6-b5563d798f68;198;Транспорт и логистика;Перевозка грузов - магистральные перевозки;Москва;Проведены успешные испытания автономного тягача Navio. Проведен первый в России заезд примерно на 3000 км по дорогам общего пользования без водителя в кабине.;catalog_export_v4.csv;"One record per original CSV row; no deduplication of applicability."
app-v4-row-0199;5bda11dc-0ea8-47fa-8f73-5ff324575af8;199;Транспорт и логистика;Коммерческая перевозка пассажиров;Москва;Компания «Яндекс» запланировала крупное внедрение беспилотных такси: 100 единиц техники в Москве к 2026 году и 1000 единиц по всей России к 2030 году.;catalog_export_v4.csv;"One record per original CSV row; no deduplication of applicability."
app-v4-row-0200;6c8ca14a-e25e-4051-9165-de89fbf5c283;200;Транспорт и логистика;Расцепка грузовых вагонов;Москва;Завершена опытная эксплуатация робота-расцепщика на сортировочной станции Челябинск-Главный для автоматизации отцепки вагонов и повышения безопасности. За время эксплуатации робот выполнил более 6,5 тыс. расцепок и подтвердил устойчивую работу в условиях высокой интенсивности сортировочного процесса.;catalog_export_v4.csv;"One record per original CSV row; no deduplication of applicability."
app-v4-row-0201;0749847e-b059-4f55-ad40-b5d6eddc703a;201;Транспорт и логистика;Обслуживание железнодорожной инфраструктуры и вагонов;Москва;Проведены испытания комплексов Растормаживатель для автоматического отпуска тормозов вагонов, контроля тормозной системы и очистки путей от снега и льда на челябинской магистрали. В результате 6 комплексов подтвердили работу в снегопад, дождь и гололед.;catalog_export_v4.csv;"One record per original CSV row; no deduplication of applicability."
app-v4-row-0202;2c5d6d69-1a64-4846-bcc0-bb6119af4558;202;Транспорт и логистика;Обслуживание железнодорожной инфраструктуры и вагонов;Москва;Развернут пилотный проект «Цифровая железнодорожная станция» на станции Челябинск-Главный. Внедрены мобильные роботы для отпуска тормозов и очистки путей.;catalog_export_v4.csv;"One record per original CSV row; no deduplication of applicability."
app-v4-row-0203;2d247e24-f7ff-4952-816e-61b6eea96664;203;Транспорт и логистика;Логистика тяжелых грузов на дальние расстояния;Москва;Первая партия из 11 шт. Т-300 сдана в июне 2026 г., в конце года ЛМТ планирует начать процедуру получения сертификата типа.;catalog_export_v4.csv;"One record per original CSV row; no deduplication of applicability."
app-v4-row-0204;8ab1ea05-1c09-4f71-88a4-fffb0b725d6b;204;Транспорт и логистика;Доставка грузов под водой;Севастополь;Подводный дрон для обследования портов, трубопроводов и корпусов судов подготовлен к коммерческому запуску, первые заказчики — сервисные фирмы по инспекции инфраструктуры.;catalog_export_v4.csv;"One record per original CSV row; no deduplication of applicability."
app-v4-row-0205;3b6ed000-db61-40d2-a1fc-aed019e7007c;205;Транспорт и логистика;Доставка грузов по воде;Севастополь;Модульная надводная многофункциональная платформа применяется для мониторинговых задач;catalog_export_v4.csv;"One record per original CSV row; no deduplication of applicability."
app-v4-row-0206;2603f59e-cd37-49f3-85ca-705ec956e37a;206;Транспорт и логистика;Доставка грузов в труднодоступные регионы;Санкт-Петербург;БВС ВТ-440м регулярно используется для аэрологистики в условиях Крайнего Севера. Этот беспилотник на протяжении 3 лет выполняет на коммерческой основе регулярные рейсы по доставке грузов весом до 100 кг в Ямало-Ненецком автономном округе;catalog_export_v4.csv;"One record per original CSV row; no deduplication of applicability."
app-v4-row-0207;1a694805-4d3a-42ff-80b9-5f68525e76b5;207;Транспорт и логистика;Доставка грузов по воде;Санкт-Петербург;Начаты испытания в Архангельской области безэкипажного катера ОРКАН, предназначенного для геодезических и инженерных измерений, дноуглубительных работ и отработки технологий автономного судоходства. В результате катер подтвердил перспективность для доставки грузов в труднодоступные районы и мониторинга.;catalog_export_v4.csv;"One record per original CSV row; no deduplication of applicability."
app-v4-row-0208;3cae8286-ea39-4329-b7fd-6444cf2f6f91;208;Транспорт и логистика;Доставка грузов по воде;Санкт-Петербург;Проведены испытания безэкипажного катера БРИЗ в порту Архангельска для подготовки к экспериментальной доставке грузов на отдаленные островные территории. В результате катер с грузоподъемностью до 500 кг подтвердил готовность к работе.;catalog_export_v4.csv;"One record per original CSV row; no deduplication of applicability."
app-v4-row-0209;b5ead192-27fb-4898-b267-edff4ed825a0;209;Транспорт и логистика;Мониторинг переправ;Омская область;Беспилотники «ОмДжет» следят за зимниками и ледовыми переправами в Югре — данные поступают в реальном времени.;catalog_export_v4.csv;"One record per original CSV row; no deduplication of applicability."
app-v4-row-0210;00ddbb71-8fca-4cb1-9998-78250c62ea03;210;Транспорт и логистика;Доставка в удаленные, труднодоступные районы;Москва;Логистические комплексы «БАС Глори Эйр» задействованы в пилотном проекте Минздрава Якутии для экспресс-снабжения удаленных населенных пунктов. В рамках регулярных вылетов беспилотники автономно преодолевают 30-километровые маршруты между селом Октемцы и городом Покровск, доставляя срочные биоматериалы и медикаменты в труднодоступные районы;catalog_export_v4.csv;"One record per original CSV row; no deduplication of applicability."
app-v4-row-0211;23195034-45aa-48c1-8cb5-1f384c2cacb7;211;Транспорт и логистика;Доставка в удаленные, труднодоступные районы;Томская область;: В августе 2026 года Центральная избирательная комиссия РФ и компания ИНТЭК подписали соглашение о применении «Вихрь-1М» для доставки избирательных бюллетеней в удаленные и труднодоступные поселки Кемеровской области (Кузбасс).;catalog_export_v4.csv;"One record per original CSV row; no deduplication of applicability."
app-v4-row-0212;64061eae-b7cb-4aa2-bacd-92e8cdf9097b;212;Транспорт и логистика;Доставка в удаленные, труднодоступные районы;Москва;Аппарат регуляроно используется компанией Boon market для логистики грузов в Якутии;catalog_export_v4.csv;"One record per original CSV row; no deduplication of applicability."
app-v4-row-0213;3d8ff7d4-19fb-4a21-bc4a-15fb13ad3393;213;Лесное хозяйство;Учёт животных и оценка состояния популяций на особо охраняемых природных территориях, Таксация лесов;Санкт-Петербург;"БАС применяется для мониторинговых задач
Проведены аэрофотосъемка 860 га лесных площадей в Анивском лесничестве с помощью БАС «Геоскан 201» и обработка полученных данных для оценки лесовосстановления на Сахалине.";catalog_export_v4.csv;"One record per original CSV row; no deduplication of applicability."
app-v4-row-0214;b639b73b-9c1e-4eec-af6f-9662e1d1d171;214;Лесное хозяйство;Учёт животных и оценка состояния популяций на особо охраняемых природных территориях;Республика Татарстан;БАС применяется для мониторинговых задач;catalog_export_v4.csv;"One record per original CSV row; no deduplication of applicability."
app-v4-row-0215;6c0df6e9-ea39-40d2-93af-7aec13d629c7;215;Лесное хозяйство;Учёт животных и оценка состояния популяций на особо охраняемых природных территориях, Таксация лесосек;Санкт-Петербург;БАС применяется для мониторинговых задач;catalog_export_v4.csv;"One record per original CSV row; no deduplication of applicability."
app-v4-row-0216;22de87a2-a16a-4ce3-9581-1c3eb6f6d2ec;216;Лесное хозяйство;Таксация лесов;Москва;БАС применяется для мониторинговых задач;catalog_export_v4.csv;"One record per original CSV row; no deduplication of applicability."
app-v4-row-0217;8dbe4684-18ef-49f7-bced-95969703a49a;217;Лесное хозяйство;Таксация лесосек;Удмуртская Республика;БАС применяется для мониторинговых задач;catalog_export_v4.csv;"One record per original CSV row; no deduplication of applicability."
app-v4-row-0218;42aed284-0f9c-45f4-a395-d7a5bf4fb5e7;218;Лесное хозяйство;Мониторинг пожарной опасности в лесах;Республика Татарстан;Разработана система дистанционного мониторинга лесных возгораний с определением колонок дыма — совместный проект Центра БАС Университета Иннополис.;catalog_export_v4.csv;"One record per original CSV row; no deduplication of applicability."
app-v4-row-0219;b5ead192-27fb-4898-b267-edff4ed825a0;219;Лесное хозяйство;Мониторинг пожарной опасности в лесах;Омская область;Летом дроны мониторили лесные пожары на 2,6 млн гектаров. Линейка беспилотников прошла серьёзную проверку в пожароопасный сезон 2025 года в ХМАО. «ОмДжет 03» участвовал в мониторинге лесных пожаров на территории почти 2,6 млн гектаров совместно с четырьмя другими типами беспилотных систем. ;catalog_export_v4.csv;"One record per original CSV row; no deduplication of applicability."
app-v4-row-0220;a23855b0-2d22-44f1-838c-b4d23f4a69fb;220;Лесное хозяйство;Информационная поддержка наземных сил с применением БПЛА микрокласса;Санкт-Петербург;БАС применяется для мониторинговых задач;catalog_export_v4.csv;"One record per original CSV row; no deduplication of applicability."
app-v4-row-0221;f1c8478c-86c2-4381-96db-08e0ae889b41;221;Лесное хозяйство;Контроль лесопатологий, Борьба с незаконными рубками;Санкт-Петербург;БАС применяется для мониторинговых задач;catalog_export_v4.csv;"One record per original CSV row; no deduplication of applicability."
app-v4-row-0222;3e262660-f12a-4eff-8c26-ccf36f923755;222;Лесное хозяйство;Мониторинг;Санкт-Петербург;Комплексы используют для контроля лесонасаждений, пресечения незаконных рубок и мониторинга лесопатологического состояния;catalog_export_v4.csv;"One record per original CSV row; no deduplication of applicability."
app-v4-row-0223;34aa6c6a-e650-4327-ae15-9bad2024b007;223;Лесное хозяйство;Мониторинг;Красноярский край; В Красноярском крае для наблюдения за лесами закупили новые беспилотники. В конце 2024 года БАС прошли успешные испытания на аэродроме «Вознесенка», а с начала 2025 года заступили на регулярное дежурство. Была закуплена партия из пяти аппаратов miniSIGMA.;catalog_export_v4.csv;"One record per original CSV row; no deduplication of applicability."
app-v4-row-0224;afa183fe-b6d2-467c-9e2d-a0a2310d8f3d;224;Лесное хозяйство;Мониторинг;Красноярский край;БАС Sgma регалярно применяется для миониторинга проверки законности работы лесосек, выявления «черных лесорубов» и аудита арендаторов леса на гигантских площадях в Красноярском крае;catalog_export_v4.csv;"One record per original CSV row; no deduplication of applicability."
