source_id;organizer_id;manufacturer;model;field_path;url;page_title;publisher;source_type;publication_or_update_date;accessed_at;page_section_table;supporting_fragment;raw_value;normalized_value;normalized_unit;evidence_status;confidence;model_match_note;notes
src-ronavi-h1500-page;5760e938-9a43-45a7-b8e8-f4f2e6383930;Ronavi Robotics / ООО «Ронави Роботикс»;Ronavi H1500;specs.surface_requirements;https://ronavi-robotics.ru/catalogue/h1500;Автономный мобильный робот Ronavi H1500;Ronavi Robotics;official_model_page;;2026-09-15;HTML: sections «Интеграция», «Надёжность», «Технические характеристики», FAQ;;;;;NOT_FOUND;0.8;Exact model name and 1500 kg payload match the organizer record.;"No explicit floor/surface specification found on the exact current model page; canonical organizer/DOCX values were not copied into the overlay."
src-ronavi-h1500-page;5760e938-9a43-45a7-b8e8-f4f2e6383930;Ronavi Robotics / ООО «Ронави Роботикс»;Ronavi H1500;specs.aisle_requirements;https://ronavi-robotics.ru/catalogue/h1500;Автономный мобильный робот Ronavi H1500;Ronavi Robotics;official_model_page;;2026-09-15;HTML: sections «Интеграция», «Надёжность», «Технические характеристики», FAQ;Минимальная ширина проезда — 750 мм;Минимальная ширина проезда — 750 мм;750;mm;VERIFIED_OFFICIAL;0.99;Exact model name and 1500 kg payload match the organizer record.;"Run-1 composite/paraphrased raw representation moved to notes: Минимальная ширина проезда; 750 мм"
src-ronavi-charger-page;5760e938-9a43-45a7-b8e8-f4f2e6383930;Ronavi Robotics / ООО «Ронави Роботикс»;Ronavi H1500;specs.charging_requirements;https://ronavi-robotics.ru/catalogue/charger;Зарядная станция Ronavi Charger для зарядки логистических роботов Ronavi;Ronavi Robotics;official_accessory_page;;2026-09-15;HTML: compatibility and technical characteristics;Автоматическая стыковка со всеми роботами Ronavi;Автоматическая стыковка со всеми роботами Ronavi;"{""charger"": ""Ronavi Charger"", ""mode"": ""automatic_docking"", ""output_voltage_max_V"": 54, ""output_current_max_A"": 25}";;VERIFIED_OFFICIAL;0.96;Exact model name and 1500 kg payload match the organizer record.;"Compatibility is stated for all Ronavi robots; no charging duration was inferred. Run-1 composite/paraphrased raw representation moved to notes: Автоматическая стыковка со всеми роботами Ronavi; до 54 В; до 25 А"
src-ronavi-h1500-page;5760e938-9a43-45a7-b8e8-f4f2e6383930;Ronavi Robotics / ООО «Ронави Роботикс»;Ronavi H1500;specs.connectivity;https://ronavi-robotics.ru/catalogue/h1500;Автономный мобильный робот Ronavi H1500;Ronavi Robotics;official_model_page;;2026-09-15;HTML: sections «Интеграция», «Надёжность», «Технические характеристики», FAQ;Wi‑Fi 5 ГГц 802.11 a/c/n;Wi‑Fi 5 ГГц 802.11 a/c/n;Wi-Fi 5 GHz 802.11 a/c/n;;VERIFIED_OFFICIAL;0.99;Exact model name and 1500 kg payload match the organizer record.;
src-ronavi-h1500-page;5760e938-9a43-45a7-b8e8-f4f2e6383930;Ronavi Robotics / ООО «Ронави Роботикс»;Ronavi H1500;specs.integrations;https://ronavi-robotics.ru/catalogue/h1500;Автономный мобильный робот Ronavi H1500;Ronavi Robotics;official_model_page;;2026-09-15;HTML: sections «Интеграция», «Надёжность», «Технические характеристики», FAQ;"Интеграция с WMS и MES; открытое API";"Интеграция с WMS и MES; открытое API";"[""WMS"", ""MES"", ""open API""]";;VERIFIED_OFFICIAL;0.99;Exact model name and 1500 kg payload match the organizer record.;
src-ronavi-h1500-page;5760e938-9a43-45a7-b8e8-f4f2e6383930;Ronavi Robotics / ООО «Ронави Роботикс»;Ronavi H1500;specs.service_requirements;https://ronavi-robotics.ru/catalogue/h1500;Автономный мобильный робот Ronavi H1500;Ronavi Robotics;official_model_page;;2026-09-15;HTML: sections «Интеграция», «Надёжность», «Технические характеристики», FAQ;Сервисная поддержка и запасные части доступны локально;Сервисная поддержка и запасные части доступны локально;"{""service"": ""local_full_support"", ""spare_parts"": ""local"", ""warranty_years"": 1}";;VERIFIED_OFFICIAL;0.99;Exact model name and 1500 kg payload match the organizer record.;"Run-1 composite/paraphrased raw representation moved to notes: Полная сервисная поддержка, запасные части и техподдержка; гарантия 1 год"
src-ronavi-h2000-page;6f3da854-41da-4363-8496-5487f37c845a;Ronavi Robotics / ООО «Ронави Роботикс»;Ronavi H2000;specs.dimensions;https://ronavi-robotics.ru/catalogue/h2000;Ronavi H2000 — промышленный робот для транспортировки тяжелых грузов до 2 тонн внутри помещений;Ronavi Robotics;official_model_page;;2026-09-15;HTML: sections «Интеграция», «Надежность», «Технические характеристики»;Габариты — 1540х990х250 мм;1540х990х250 мм;[1540, 990, 250];mm;VERIFIED_OFFICIAL;0.99;Exact model name and 2000 kg payload match the organizer record.;
src-ronavi-h2000-page;6f3da854-41da-4363-8496-5487f37c845a;Ronavi Robotics / ООО «Ронави Роботикс»;Ronavi H2000;specs.max_speed;https://ronavi-robotics.ru/catalogue/h2000;Ronavi H2000 — промышленный робот для транспортировки тяжелых грузов до 2 тонн внутри помещений;Ronavi Robotics;official_model_page;;2026-09-15;HTML: sections «Интеграция», «Надежность», «Технические характеристики»;Максимальная скорость — 1 м/с;1 м/с;1.0;m/s;VERIFIED_OFFICIAL;0.99;Exact model name and 2000 kg payload match the organizer record.;
src-ronavi-h2000-page;6f3da854-41da-4363-8496-5487f37c845a;Ronavi Robotics / ООО «Ронави Роботикс»;Ronavi H2000;specs.autonomy;https://ronavi-robotics.ru/catalogue/h2000;Ronavi H2000 — промышленный робот для транспортировки тяжелых грузов до 2 тонн внутри помещений;Ronavi Robotics;official_model_page;;2026-09-15;HTML: sections «Интеграция», «Надежность», «Технические характеристики»;Время автономной работы — до 10 часов;Время автономной работы — до 10 часов;10.0;h;VERIFIED_OFFICIAL;0.99;Exact model name and 2000 kg payload match the organizer record.;Run-1 composite/paraphrased raw representation moved to notes: до 10 часов (с 80% до 20%)
src-ronavi-h2000-page;6f3da854-41da-4363-8496-5487f37c845a;Ronavi Robotics / ООО «Ронави Роботикс»;Ronavi H2000;specs.positioning_accuracy;https://ronavi-robotics.ru/catalogue/h2000;Ronavi H2000 — промышленный робот для транспортировки тяжелых грузов до 2 тонн внутри помещений;Ronavi Robotics;official_model_page;;2026-09-15;HTML: sections «Интеграция», «Надежность», «Технические характеристики»;;;;;NOT_FOUND;0.8;Exact model name and 2000 kg payload match the organizer record.;No explicit model-specific value found.
src-ronavi-h2000-page;6f3da854-41da-4363-8496-5487f37c845a;Ronavi Robotics / ООО «Ронави Роботикс»;Ronavi H2000;specs.navigation;https://ronavi-robotics.ru/catalogue/h2000;Ronavi H2000 — промышленный робот для транспортировки тяжелых грузов до 2 тонн внутри помещений;Ronavi Robotics;official_model_page;;2026-09-15;HTML: sections «Интеграция», «Надежность», «Технические характеристики»;Тип навигации — QR-метки и SLAM;Тип навигации — QR-метки и SLAM;"[""QR markers"", ""SLAM""]";;VERIFIED_OFFICIAL;0.99;Exact model name and 2000 kg payload match the organizer record.;Run-1 composite/paraphrased raw representation moved to notes: QR-метки и SLAM (локализация и построение карты)
src-ronavi-h2000-page;6f3da854-41da-4363-8496-5487f37c845a;Ronavi Robotics / ООО «Ронави Роботикс»;Ronavi H2000;specs.throughput;https://ronavi-robotics.ru/catalogue/h2000;Ronavi H2000 — промышленный робот для транспортировки тяжелых грузов до 2 тонн внутри помещений;Ronavi Robotics;official_model_page;;2026-09-15;HTML: sections «Интеграция», «Надежность», «Технические характеристики»;;;;;NOT_FOUND;0.8;Exact model name and 2000 kg payload match the organizer record.;No explicit model-specific value found on the exact official page.
src-ronavi-h2000-page;6f3da854-41da-4363-8496-5487f37c845a;Ronavi Robotics / ООО «Ронави Роботикс»;Ronavi H2000;specs.operating_conditions;https://ronavi-robotics.ru/catalogue/h2000;Ronavi H2000 — промышленный робот для транспортировки тяжелых грузов до 2 тонн внутри помещений;Ronavi Robotics;official_model_page;;2026-09-15;HTML: sections «Интеграция», «Надежность», «Технические характеристики»;;;;;NOT_FOUND;0.8;Exact model name and 2000 kg payload match the organizer record.;No explicit model-specific value found on the exact official page.
src-ronavi-h2000-page;6f3da854-41da-4363-8496-5487f37c845a;Ronavi Robotics / ООО «Ронави Роботикс»;Ronavi H2000;specs.surface_requirements;https://ronavi-robotics.ru/catalogue/h2000;Ronavi H2000 — промышленный робот для транспортировки тяжелых грузов до 2 тонн внутри помещений;Ronavi Robotics;official_model_page;;2026-09-15;HTML: sections «Интеграция», «Надежность», «Технические характеристики»;;;;;NOT_FOUND;0.8;Exact model name and 2000 kg payload match the organizer record.;No explicit model-specific value found on the exact official page.
src-ronavi-h2000-page;6f3da854-41da-4363-8496-5487f37c845a;Ronavi Robotics / ООО «Ронави Роботикс»;Ronavi H2000;specs.aisle_requirements;https://ronavi-robotics.ru/catalogue/h2000;Ronavi H2000 — промышленный робот для транспортировки тяжелых грузов до 2 тонн внутри помещений;Ronavi Robotics;official_model_page;;2026-09-15;HTML: sections «Интеграция», «Надежность», «Технические характеристики»;Минимальная ширина проезда — 1190 мм;Минимальная ширина проезда — 1190 мм;1190;mm;VERIFIED_OFFICIAL;0.99;Exact model name and 2000 kg payload match the organizer record.;
src-ronavi-charger-page;6f3da854-41da-4363-8496-5487f37c845a;Ronavi Robotics / ООО «Ронави Роботикс»;Ronavi H2000;specs.charging_requirements;https://ronavi-robotics.ru/catalogue/charger;Зарядная станция Ronavi Charger для зарядки логистических роботов Ronavi;Ronavi Robotics;official_accessory_page;;2026-09-15;HTML: compatibility and technical characteristics;Автоматическая стыковка со всеми роботами Ronavi;Автоматическая стыковка со всеми роботами Ronavi;"{""charger"": ""Ronavi Charger"", ""mode"": ""automatic_docking"", ""output_voltage_max_V"": 54, ""output_current_max_A"": 25}";;VERIFIED_OFFICIAL;0.96;Exact model name and 2000 kg payload match the organizer record.;"Run-1 composite/paraphrased raw representation moved to notes: Автоматическая стыковка со всеми роботами Ronavi; до 54 В; до 25 А"
src-ronavi-h2000-page;6f3da854-41da-4363-8496-5487f37c845a;Ronavi Robotics / ООО «Ронави Роботикс»;Ronavi H2000;specs.connectivity;https://ronavi-robotics.ru/catalogue/h2000;Ronavi H2000 — промышленный робот для транспортировки тяжелых грузов до 2 тонн внутри помещений;Ronavi Robotics;official_model_page;;2026-09-15;HTML: sections «Интеграция», «Надежность», «Технические характеристики»;Wi‑Fi 5 ГГц 802.11 a/c/n;Wi‑Fi 5 ГГц 802.11 a/c/n;Wi-Fi 5 GHz 802.11 a/c/n;;VERIFIED_OFFICIAL;0.99;Exact model name and 2000 kg payload match the organizer record.;
src-ronavi-h2000-page;6f3da854-41da-4363-8496-5487f37c845a;Ronavi Robotics / ООО «Ронави Роботикс»;Ronavi H2000;specs.integrations;https://ronavi-robotics.ru/catalogue/h2000;Ronavi H2000 — промышленный робот для транспортировки тяжелых грузов до 2 тонн внутри помещений;Ronavi Robotics;official_model_page;;2026-09-15;HTML: sections «Интеграция», «Надежность», «Технические характеристики»;Открытое API для подключения к системам управления предприятием;Открытое API для подключения к системам управления предприятием;"[""open API"", ""WMS"", ""MES/enterprise management systems""]";;VERIFIED_OFFICIAL;0.99;Exact model name and 2000 kg payload match the organizer record.;"Run-1 composite/paraphrased raw representation moved to notes: Открытое API; системы управления складом и производством"
src-ronavi-h2000-page;6f3da854-41da-4363-8496-5487f37c845a;Ronavi Robotics / ООО «Ронави Роботикс»;Ronavi H2000;specs.service_requirements;https://ronavi-robotics.ru/catalogue/h2000;Ronavi H2000 — промышленный робот для транспортировки тяжелых грузов до 2 тонн внутри помещений;Ronavi Robotics;official_model_page;;2026-09-15;HTML: sections «Интеграция», «Надежность», «Технические характеристики»;Полная сервисная поддержка, запасные части и обновления;Полная сервисная поддержка, запасные части и обновления;"{""service"": ""full_support"", ""spare_parts"": true, ""updates"": true, ""authorized_support"": true, ""warranty_years"": 1}";;VERIFIED_OFFICIAL;0.99;Exact model name and 2000 kg payload match the organizer record.;"Run-1 composite/paraphrased raw representation moved to notes: Сервисная поддержка; запасные части; авторизованная техподдержка; гарантия 1 год"
src-moros-amr100-page;89ffd69f-f07b-4bf2-8023-1fd765a2b6ff;МОРОС;AMR100;specs.dimensions;https://xn--l1aeahg.xn--p1ai/amr-100/;AMR100 — Автономный мобильный робот от МОРОС;МОРОС;official_model_page;;2026-09-15;HTML: «Технические характеристики», «Программное обеспечение», «Условия эксплуатации»;Габаритные размеры — 600 × 400 × 220 мм;600 × 400 × 220 мм;[600, 400, 220];mm;AMBIGUOUS_MODEL_MATCH;0.55;"Exact model label AMR100 is present, but the current official page states payload up to 150 kg while the organizer record says up to 100 kg; revision/modification equivalence is not proven.";"Candidate only; manual revision matching required."
src-moros-amr100-page;89ffd69f-f07b-4bf2-8023-1fd765a2b6ff;МОРОС;AMR100;specs.max_speed;https://xn--l1aeahg.xn--p1ai/amr-100/;AMR100 — Автономный мобильный робот от МОРОС;МОРОС;official_model_page;;2026-09-15;HTML: «Технические характеристики», «Программное обеспечение», «Условия эксплуатации»;Скорость перемещения — 3 м/с;3 м/с;3.0;m/s;AMBIGUOUS_MODEL_MATCH;0.55;"Exact model label AMR100 is present, but the current official page states payload up to 150 kg while the organizer record says up to 100 kg; revision/modification equivalence is not proven.";"Candidate only; manual revision matching required."
src-moros-amr100-page;89ffd69f-f07b-4bf2-8023-1fd765a2b6ff;МОРОС;AMR100;specs.autonomy;https://xn--l1aeahg.xn--p1ai/amr-100/;AMR100 — Автономный мобильный робот от МОРОС;МОРОС;official_model_page;;2026-09-15;HTML: «Технические характеристики», «Программное обеспечение», «Условия эксплуатации»;Время работы — 20 часов / 10 часов;Время работы — 20 часов / 10 часов;"{""average_load"": 20, ""maximum_load"": 10}";h;AMBIGUOUS_MODEL_MATCH;0.55;"Exact model label AMR100 is present, but the current official page states payload up to 150 kg while the organizer record says up to 100 kg; revision/modification equivalence is not proven.";"Candidate only; manual revision matching required. Run-1 composite/paraphrased raw representation moved to notes: 20 часов (при средних нагрузках); 10 часов (при максимальных нагрузках)"
src-moros-amr100-page;89ffd69f-f07b-4bf2-8023-1fd765a2b6ff;МОРОС;AMR100;specs.positioning_accuracy;https://xn--l1aeahg.xn--p1ai/amr-100/;AMR100 — Автономный мобильный робот от МОРОС;МОРОС;official_model_page;;2026-09-15;HTML: «Технические характеристики», «Программное обеспечение», «Условия эксплуатации»;Точность позиционирования — ±10 мм;±10 мм;10.0;mm;AMBIGUOUS_MODEL_MATCH;0.55;"Exact model label AMR100 is present, but the current official page states payload up to 150 kg while the organizer record says up to 100 kg; revision/modification equivalence is not proven.";"Candidate only; manual revision matching required."
src-moros-amr100-page;89ffd69f-f07b-4bf2-8023-1fd765a2b6ff;МОРОС;AMR100;specs.operating_conditions;https://xn--l1aeahg.xn--p1ai/amr-100/;AMR100 — Автономный мобильный робот от МОРОС;МОРОС;official_model_page;;2026-09-15;HTML: «Технические характеристики», «Программное обеспечение», «Условия эксплуатации»;Рабочая температура: +5°C…+40°C;Рабочая температура: +5°C…+40°C;"{""temperature_degC"": [5, 40], ""optional_ip_rating"": ""IP54+""}";;AMBIGUOUS_MODEL_MATCH;0.55;"Exact model label AMR100 is present, but the current official page states payload up to 150 kg while the organizer record says up to 100 kg; revision/modification equivalence is not proven.";"Candidate only; manual revision matching required. Run-1 composite/paraphrased raw representation moved to notes: Рабочая температура: от +5°C до +40°C; по желанию IP54 и выше"
src-moros-amr100-page;89ffd69f-f07b-4bf2-8023-1fd765a2b6ff;МОРОС;AMR100;specs.charging_requirements;https://xn--l1aeahg.xn--p1ai/amr-100/;AMR100 — Автономный мобильный робот от МОРОС;МОРОС;official_model_page;;2026-09-15;HTML: «Технические характеристики», «Программное обеспечение», «Условия эксплуатации»;Способ зарядки — автоматическая док-станция / ручная;Способ зарядки — автоматическая док-станция / ручная;"[""automatic_dock"", ""manual charging""]";;AMBIGUOUS_MODEL_MATCH;0.55;"Exact model label AMR100 is present, but the current official page states payload up to 150 kg while the organizer record says up to 100 kg; revision/modification equivalence is not proven.";"Candidate only; manual revision matching required. Run-1 composite/paraphrased raw representation moved to notes: Автоматическая док-станция / ручная зарядка"
src-moros-amr100-page;89ffd69f-f07b-4bf2-8023-1fd765a2b6ff;МОРОС;AMR100;specs.integrations;https://xn--l1aeahg.xn--p1ai/amr-100/;AMR100 — Автономный мобильный робот от МОРОС;МОРОС;official_model_page;;2026-09-15;HTML: «Технические характеристики», «Программное обеспечение», «Условия эксплуатации»;"Интеграция с MES; поддержка API";"Интеграция с MES; поддержка API";"[""MES"", ""API""]";;AMBIGUOUS_MODEL_MATCH;0.55;"Exact model label AMR100 is present, but the current official page states payload up to 150 kg while the organizer record says up to 100 kg; revision/modification equivalence is not proven.";"Candidate only; manual revision matching required."
src-moros-amr100-page;89ffd69f-f07b-4bf2-8023-1fd765a2b6ff;МОРОС;AMR100;specs.throughput;https://xn--l1aeahg.xn--p1ai/amr-100/;AMR100 — Автономный мобильный робот от МОРОС;МОРОС;official_model_page;;2026-09-15;HTML: «Технические характеристики», «Программное обеспечение», «Условия эксплуатации»;;;;;NOT_FOUND;0.8;"Exact model label AMR100 is present, but the current official page states payload up to 150 kg while the organizer record says up to 100 kg; revision/modification equivalence is not proven.";"No explicit qualifying value found on the inspected current page; model revision remains ambiguous."
src-moros-amr100-page;89ffd69f-f07b-4bf2-8023-1fd765a2b6ff;МОРОС;AMR100;specs.navigation;https://xn--l1aeahg.xn--p1ai/amr-100/;AMR100 — Автономный мобильный робот от МОРОС;МОРОС;official_model_page;;2026-09-15;HTML: «Технические характеристики», «Программное обеспечение», «Условия эксплуатации»;;;;;NOT_FOUND;0.8;"Exact model label AMR100 is present, but the current official page states payload up to 150 kg while the organizer record says up to 100 kg; revision/modification equivalence is not proven.";"No explicit qualifying value found on the inspected current page; model revision remains ambiguous."
src-moros-amr100-page;89ffd69f-f07b-4bf2-8023-1fd765a2b6ff;МОРОС;AMR100;specs.surface_requirements;https://xn--l1aeahg.xn--p1ai/amr-100/;AMR100 — Автономный мобильный робот от МОРОС;МОРОС;official_model_page;;2026-09-15;HTML: «Технические характеристики», «Программное обеспечение», «Условия эксплуатации»;;;;;NOT_FOUND;0.8;"Exact model label AMR100 is present, but the current official page states payload up to 150 kg while the organizer record says up to 100 kg; revision/modification equivalence is not proven.";"No explicit qualifying value found on the inspected current page; model revision remains ambiguous."
src-moros-amr100-page;89ffd69f-f07b-4bf2-8023-1fd765a2b6ff;МОРОС;AMR100;specs.aisle_requirements;https://xn--l1aeahg.xn--p1ai/amr-100/;AMR100 — Автономный мобильный робот от МОРОС;МОРОС;official_model_page;;2026-09-15;HTML: «Технические характеристики», «Программное обеспечение», «Условия эксплуатации»;;;;;NOT_FOUND;0.8;"Exact model label AMR100 is present, but the current official page states payload up to 150 kg while the organizer record says up to 100 kg; revision/modification equivalence is not proven.";"No explicit qualifying value found on the inspected current page; model revision remains ambiguous."
src-moros-amr100-page;89ffd69f-f07b-4bf2-8023-1fd765a2b6ff;МОРОС;AMR100;specs.connectivity;https://xn--l1aeahg.xn--p1ai/amr-100/;AMR100 — Автономный мобильный робот от МОРОС;МОРОС;official_model_page;;2026-09-15;HTML: «Технические характеристики», «Программное обеспечение», «Условия эксплуатации»;;;;;NOT_FOUND;0.8;"Exact model label AMR100 is present, but the current official page states payload up to 150 kg while the organizer record says up to 100 kg; revision/modification equivalence is not proven.";"No explicit qualifying value found on the inspected current page; model revision remains ambiguous."
src-moros-amr100-page;89ffd69f-f07b-4bf2-8023-1fd765a2b6ff;МОРОС;AMR100;specs.service_requirements;https://xn--l1aeahg.xn--p1ai/amr-100/;AMR100 — Автономный мобильный робот от МОРОС;МОРОС;official_model_page;;2026-09-15;HTML: «Технические характеристики», «Программное обеспечение», «Условия эксплуатации»;;;;;NOT_FOUND;0.8;"Exact model label AMR100 is present, but the current official page states payload up to 150 kg while the organizer record says up to 100 kg; revision/modification equivalence is not proven.";"No explicit qualifying value found on the inspected current page; model revision remains ambiguous."
src-moros-amr100-page;89ffd69f-f07b-4bf2-8023-1fd765a2b6ff;МОРОС;AMR100;model_match.payload_discriminator;https://xn--l1aeahg.xn--p1ai/amr-100/;AMR100 — Автономный мобильный робот от МОРОС;МОРОС;official_model_page;;2026-09-15;HTML: «Технические характеристики», «Программное обеспечение», «Условия эксплуатации»;Грузоподъемность — до 150 кг;Грузоподъемность — до 150 кг;150;kg;AMBIGUOUS_MODEL_MATCH;0.99;"Exact model label AMR100 is present, but the current official page states payload up to 150 kg while the organizer record says up to 100 kg; revision/modification equivalence is not proven.";Organizer name embeds a 100 kg payload, therefore current-page values are not promoted to VERIFIED_OFFICIAL for this organizer_id. Run-1 composite/paraphrased raw representation moved to notes: До 150 кг
src-moros-amr800-page;5ec66969-8fcc-47b3-b517-a9c29372fffe;МОРОС;AMR800;specs.dimensions;https://xn--l1aeahg.xn--p1ai/amr-800/;AMR800 — Автономный мобильный робот от МОРОС;МОРОС;official_model_page;;2026-09-15;HTML: «Технические характеристики», «Дополнительные возможности», «Программное обеспечение», «Условия эксплуатации»;Габаритные размеры — 940 × 640 × 230 мм;940 × 640 × 230 мм;[940, 640, 230];mm;VERIFIED_OFFICIAL;0.99;Exact model label AMR800 and 800 kg payload match the organizer record.;
src-moros-amr800-page;5ec66969-8fcc-47b3-b517-a9c29372fffe;МОРОС;AMR800;specs.max_speed;https://xn--l1aeahg.xn--p1ai/amr-800/;AMR800 — Автономный мобильный робот от МОРОС;МОРОС;official_model_page;;2026-09-15;HTML: «Технические характеристики», «Дополнительные возможности», «Программное обеспечение», «Условия эксплуатации»;Скорость перемещения — 2 м/с;2 м/с;2.0;m/s;VERIFIED_OFFICIAL;0.99;Exact model label AMR800 and 800 kg payload match the organizer record.;
src-moros-amr800-page;5ec66969-8fcc-47b3-b517-a9c29372fffe;МОРОС;AMR800;specs.autonomy;https://xn--l1aeahg.xn--p1ai/amr-800/;AMR800 — Автономный мобильный робот от МОРОС;МОРОС;official_model_page;;2026-09-15;HTML: «Технические характеристики», «Дополнительные возможности», «Программное обеспечение», «Условия эксплуатации»;Время работы — 24 часа / 14 часов;Время работы — 24 часа / 14 часов;"{""average_load"": 24, ""maximum_load"": 14}";h;VERIFIED_OFFICIAL;0.99;Exact model label AMR800 and 800 kg payload match the organizer record.;"Run-1 composite/paraphrased raw representation moved to notes: 24 часа (при средних нагрузках); 14 часов (при максимальных нагрузках)"
src-moros-amr800-page;5ec66969-8fcc-47b3-b517-a9c29372fffe;МОРОС;AMR800;specs.positioning_accuracy;https://xn--l1aeahg.xn--p1ai/amr-800/;AMR800 — Автономный мобильный робот от МОРОС;МОРОС;official_model_page;;2026-09-15;HTML: «Технические характеристики», «Дополнительные возможности», «Программное обеспечение», «Условия эксплуатации»;Точность позиционирования — ±10 мм;±10 мм;10.0;mm;VERIFIED_OFFICIAL;0.99;Exact model label AMR800 and 800 kg payload match the organizer record.;
src-moros-amr800-page;5ec66969-8fcc-47b3-b517-a9c29372fffe;МОРОС;AMR800;specs.navigation;https://xn--l1aeahg.xn--p1ai/amr-800/;AMR800 — Автономный мобильный робот от МОРОС;МОРОС;official_model_page;;2026-09-15;HTML: «Технические характеристики», «Дополнительные возможности», «Программное обеспечение», «Условия эксплуатации»;Способы навигации — QR-метки, SLAM;QR-метки, SLAM;"[""QR markers"", ""SLAM""]";;VERIFIED_OFFICIAL;0.99;Exact model label AMR800 and 800 kg payload match the organizer record.;
src-moros-amr800-page;5ec66969-8fcc-47b3-b517-a9c29372fffe;МОРОС;AMR800;specs.operating_conditions;https://xn--l1aeahg.xn--p1ai/amr-800/;AMR800 — Автономный мобильный робот от МОРОС;МОРОС;official_model_page;;2026-09-15;HTML: «Технические характеристики», «Дополнительные возможности», «Программное обеспечение», «Условия эксплуатации»;Рабочая температура: +5°C…+40°C;Рабочая температура: +5°C…+40°C;"{""temperature_degC"": [5, 40], ""optional_ip_rating"": ""IP54+""}";;VERIFIED_OFFICIAL;0.99;Exact model label AMR800 and 800 kg payload match the organizer record.;"Run-1 composite/paraphrased raw representation moved to notes: Рабочая температура: от +5°C до +40°C; по желанию IP54 и выше"
src-moros-amr800-page;5ec66969-8fcc-47b3-b517-a9c29372fffe;МОРОС;AMR800;specs.charging_requirements;https://xn--l1aeahg.xn--p1ai/amr-800/;AMR800 — Автономный мобильный робот от МОРОС;МОРОС;official_model_page;;2026-09-15;HTML: «Технические характеристики», «Дополнительные возможности», «Программное обеспечение», «Условия эксплуатации»;"Способ зарядки — док-станция / ручная; 220В, 10A";"Способ зарядки — док-станция / ручная; 220В, 10A";"{""modes"": [""automatic dock"", ""manual""], ""manual_supply"": {""phase"": 1, ""voltage_V"": 220, ""current_A"": 10}}";;VERIFIED_OFFICIAL;0.99;Exact model label AMR800 and 800 kg payload match the organizer record.;"Run-1 composite/paraphrased raw representation moved to notes: Автоматическая док-станция / ручная зарядка; ручная 1-ф 220В, 10A"
src-moros-amr800-page;5ec66969-8fcc-47b3-b517-a9c29372fffe;МОРОС;AMR800;specs.integrations;https://xn--l1aeahg.xn--p1ai/amr-800/;AMR800 — Автономный мобильный робот от МОРОС;МОРОС;official_model_page;;2026-09-15;HTML: «Технические характеристики», «Дополнительные возможности», «Программное обеспечение», «Условия эксплуатации»;"Интеграция с MES и WMS; поддержка API";"Интеграция с MES и WMS; поддержка API";"[""MES"", ""WMS"", ""API""]";;VERIFIED_OFFICIAL;0.99;Exact model label AMR800 and 800 kg payload match the organizer record.;
src-moros-amr800-page;5ec66969-8fcc-47b3-b517-a9c29372fffe;МОРОС;AMR800;specs.throughput;https://xn--l1aeahg.xn--p1ai/amr-800/;AMR800 — Автономный мобильный робот от МОРОС;МОРОС;official_model_page;;2026-09-15;HTML: «Технические характеристики», «Дополнительные возможности», «Программное обеспечение», «Условия эксплуатации»;;;;;NOT_FOUND;0.8;Exact model label AMR800 and 800 kg payload match the organizer record.;"The page reports a 312 boxes/h result for a 12-robot pilot/system; it was not treated as single-model throughput."
src-moros-amr800-page;5ec66969-8fcc-47b3-b517-a9c29372fffe;МОРОС;AMR800;specs.surface_requirements;https://xn--l1aeahg.xn--p1ai/amr-800/;AMR800 — Автономный мобильный робот от МОРОС;МОРОС;official_model_page;;2026-09-15;HTML: «Технические характеристики», «Дополнительные возможности», «Программное обеспечение», «Условия эксплуатации»;;;;;NOT_FOUND;0.8;Exact model label AMR800 and 800 kg payload match the organizer record.;No explicit model-specific value found.
src-moros-amr800-page;5ec66969-8fcc-47b3-b517-a9c29372fffe;МОРОС;AMR800;specs.aisle_requirements;https://xn--l1aeahg.xn--p1ai/amr-800/;AMR800 — Автономный мобильный робот от МОРОС;МОРОС;official_model_page;;2026-09-15;HTML: «Технические характеристики», «Дополнительные возможности», «Программное обеспечение», «Условия эксплуатации»;;;;;NOT_FOUND;0.8;Exact model label AMR800 and 800 kg payload match the organizer record.;No explicit model-specific value found.
src-moros-amr800-page;5ec66969-8fcc-47b3-b517-a9c29372fffe;МОРОС;AMR800;specs.connectivity;https://xn--l1aeahg.xn--p1ai/amr-800/;AMR800 — Автономный мобильный робот от МОРОС;МОРОС;official_model_page;;2026-09-15;HTML: «Технические характеристики», «Дополнительные возможности», «Программное обеспечение», «Условия эксплуатации»;;;;;NOT_FOUND;0.8;Exact model label AMR800 and 800 kg payload match the organizer record.;No explicit model-specific value found.
src-moros-amr800-page;5ec66969-8fcc-47b3-b517-a9c29372fffe;МОРОС;AMR800;specs.service_requirements;https://xn--l1aeahg.xn--p1ai/amr-800/;AMR800 — Автономный мобильный робот от МОРОС;МОРОС;official_model_page;;2026-09-15;HTML: «Технические характеристики», «Дополнительные возможности», «Программное обеспечение», «Условия эксплуатации»;;;;;NOT_FOUND;0.8;Exact model label AMR800 and 800 kg payload match the organizer record.;No explicit model-specific value found.
src-moros-amr800-page;5ec66969-8fcc-47b3-b517-a9c29372fffe;МОРОС;AMR800;specs.battery_type;https://xn--l1aeahg.xn--p1ai/amr-800/;AMR800 — Автономный мобильный робот от МОРОС;МОРОС;official_model_page;;2026-09-15;HTML: «Технические характеристики», «Дополнительные возможности», «Программное обеспечение», «Условия эксплуатации»;Питание — LiFePo;LiFePo;LiFePO4;;VERIFIED_OFFICIAL;0.95;Exact model label AMR800 and 800 kg payload match the organizer record.;Chemistry spelling normalized.
src-moros-amr800-page;5ec66969-8fcc-47b3-b517-a9c29372fffe;МОРОС;AMR800;specs.functional_safety;https://xn--l1aeahg.xn--p1ai/amr-800/;AMR800 — Автономный мобильный робот от МОРОС;МОРОС;official_model_page;;2026-09-15;HTML: «Технические характеристики», «Дополнительные возможности», «Программное обеспечение», «Условия эксплуатации»;Сканеры, компьютерное зрение, аварийная остановка;Сканеры, компьютерное зрение, аварийная остановка;"[""collision scanners"", ""computer vision"", ""emergency stop""]";;VERIFIED_OFFICIAL;0.98;Exact model label AMR800 and 800 kg payload match the organizer record.;Run-1 composite/paraphrased raw representation moved to notes: Система предотвращения столкновений — сканеры, компьютерное зрение, аварийная остановка
src-dikom-dmr-carrier-p-blog-2025;f7634ef8-0034-4c5b-b2f0-e44a14f05a76;ДиКом / ООО «Диком-Сервис»;DMR Carrier P;specs.positioning_accuracy;https://blog.dikom.ru/zhizn/na-vystavke-metalloobrabotka-2025/;На выставке Металлообработка;ДиКом;official_corporate_blog;2025-06-14;2026-09-15;HTML: paragraph describing updated DMR Carrier P;;;;;NOT_FOUND;0.8;"Official DiKom corporate blog explicitly names the updated DMR Carrier P, confirming exact model identity; no official technical datasheet/model page with the missing fields was located.";Exact official model mention found, but no qualifying primary technical specification for this missing field was located.
src-dikom-dmr-carrier-p-blog-2025;f7634ef8-0034-4c5b-b2f0-e44a14f05a76;ДиКом / ООО «Диком-Сервис»;DMR Carrier P;specs.surface_requirements;https://blog.dikom.ru/zhizn/na-vystavke-metalloobrabotka-2025/;На выставке Металлообработка;ДиКом;official_corporate_blog;2025-06-14;2026-09-15;HTML: paragraph describing updated DMR Carrier P;;;;;NOT_FOUND;0.8;"Official DiKom corporate blog explicitly names the updated DMR Carrier P, confirming exact model identity; no official technical datasheet/model page with the missing fields was located.";Exact official model mention found, but no qualifying primary technical specification for this missing field was located.
src-dikom-dmr-carrier-p-blog-2025;f7634ef8-0034-4c5b-b2f0-e44a14f05a76;ДиКом / ООО «Диком-Сервис»;DMR Carrier P;specs.aisle_requirements;https://blog.dikom.ru/zhizn/na-vystavke-metalloobrabotka-2025/;На выставке Металлообработка;ДиКом;official_corporate_blog;2025-06-14;2026-09-15;HTML: paragraph describing updated DMR Carrier P;;;;;NOT_FOUND;0.8;"Official DiKom corporate blog explicitly names the updated DMR Carrier P, confirming exact model identity; no official technical datasheet/model page with the missing fields was located.";Exact official model mention found, but no qualifying primary technical specification for this missing field was located.
src-dikom-dmr-carrier-p-blog-2025;f7634ef8-0034-4c5b-b2f0-e44a14f05a76;ДиКом / ООО «Диком-Сервис»;DMR Carrier P;specs.charging_requirements;https://blog.dikom.ru/zhizn/na-vystavke-metalloobrabotka-2025/;На выставке Металлообработка;ДиКом;official_corporate_blog;2025-06-14;2026-09-15;HTML: paragraph describing updated DMR Carrier P;;;;;NOT_FOUND;0.8;"Official DiKom corporate blog explicitly names the updated DMR Carrier P, confirming exact model identity; no official technical datasheet/model page with the missing fields was located.";Exact official model mention found, but no qualifying primary technical specification for this missing field was located.
src-dikom-dmr-carrier-p-blog-2025;f7634ef8-0034-4c5b-b2f0-e44a14f05a76;ДиКом / ООО «Диком-Сервис»;DMR Carrier P;specs.connectivity;https://blog.dikom.ru/zhizn/na-vystavke-metalloobrabotka-2025/;На выставке Металлообработка;ДиКом;official_corporate_blog;2025-06-14;2026-09-15;HTML: paragraph describing updated DMR Carrier P;;;;;NOT_FOUND;0.8;"Official DiKom corporate blog explicitly names the updated DMR Carrier P, confirming exact model identity; no official technical datasheet/model page with the missing fields was located.";Exact official model mention found, but no qualifying primary technical specification for this missing field was located.
src-dikom-dmr-carrier-p-blog-2025;f7634ef8-0034-4c5b-b2f0-e44a14f05a76;ДиКом / ООО «Диком-Сервис»;DMR Carrier P;specs.integrations;https://blog.dikom.ru/zhizn/na-vystavke-metalloobrabotka-2025/;На выставке Металлообработка;ДиКом;official_corporate_blog;2025-06-14;2026-09-15;HTML: paragraph describing updated DMR Carrier P;;;;;NOT_FOUND;0.8;"Official DiKom corporate blog explicitly names the updated DMR Carrier P, confirming exact model identity; no official technical datasheet/model page with the missing fields was located.";Exact official model mention found, but no qualifying primary technical specification for this missing field was located.
src-dikom-dmr-carrier-p-blog-2025;f7634ef8-0034-4c5b-b2f0-e44a14f05a76;ДиКом / ООО «Диком-Сервис»;DMR Carrier P;specs.service_requirements;https://blog.dikom.ru/zhizn/na-vystavke-metalloobrabotka-2025/;На выставке Металлообработка;ДиКом;official_corporate_blog;2025-06-14;2026-09-15;HTML: paragraph describing updated DMR Carrier P;;;;;NOT_FOUND;0.8;"Official DiKom corporate blog explicitly names the updated DMR Carrier P, confirming exact model identity; no official technical datasheet/model page with the missing fields was located.";Exact official model mention found, but no qualifying primary technical specification for this missing field was located.
src-automacon-ak2000-2-page;5a36611d-033e-4893-bd49-5d4f776f57dd;ГК «Автомакон»;AK-2000-2;specs.payload;https://robot.automacon.ru/agv-fmr;AGV/FMR-роботы — AK-2000-2;ГК «Автомакон»;official_product_page;;2026-09-15;HTML: AK-2000-2 / «Основные параметры»;Грузоподъёмность — 2000 кг;2000 кг;2000;kg;VERIFIED_OFFICIAL;0.99;Exact model designation AK-2000-2 is shown in the official Automacon product section.;
src-automacon-ak2000-2-page;5a36611d-033e-4893-bd49-5d4f776f57dd;ГК «Автомакон»;AK-2000-2;specs.dimensions;https://robot.automacon.ru/agv-fmr;AGV/FMR-роботы — AK-2000-2;ГК «Автомакон»;official_product_page;;2026-09-15;HTML: AK-2000-2 / «Основные параметры»;1980 мм*1065 мм*2285 мм (Д*Ш*В);1980 мм*1065 мм*2285 мм (Д*Ш*В);[1980, 1065, 2285];mm;VERIFIED_OFFICIAL;0.99;Exact model designation AK-2000-2 is shown in the official Automacon product section.;
src-automacon-ak2000-2-page;5a36611d-033e-4893-bd49-5d4f776f57dd;ГК «Автомакон»;AK-2000-2;specs.max_speed;https://robot.automacon.ru/agv-fmr;AGV/FMR-роботы — AK-2000-2;ГК «Автомакон»;official_product_page;;2026-09-15;HTML: AK-2000-2 / «Основные параметры»;2.6 м/c;2.6 м/c;2.6;m/s;VERIFIED_OFFICIAL;0.99;Exact model designation AK-2000-2 is shown in the official Automacon product section.;
src-automacon-ak2000-2-page;5a36611d-033e-4893-bd49-5d4f776f57dd;ГК «Автомакон»;AK-2000-2;specs.autonomy;https://robot.automacon.ru/agv-fmr;AGV/FMR-роботы — AK-2000-2;ГК «Автомакон»;official_product_page;;2026-09-15;HTML: AK-2000-2 / «Основные параметры»;Время работы — 6-8 часов;6-8 часов;[6, 8];h;VERIFIED_OFFICIAL;0.99;Exact model designation AK-2000-2 is shown in the official Automacon product section.;
src-automacon-ak2000-2-page;5a36611d-033e-4893-bd49-5d4f776f57dd;ГК «Автомакон»;AK-2000-2;specs.positioning_accuracy;https://robot.automacon.ru/agv-fmr;AGV/FMR-роботы — AK-2000-2;ГК «Автомакон»;official_product_page;;2026-09-15;HTML: AK-2000-2 / «Основные параметры»;Точность позиционирования — ±30 мм;±30 мм;30;mm;VERIFIED_OFFICIAL;0.99;Exact model designation AK-2000-2 is shown in the official Automacon product section.;
src-automacon-ak2000-2-page;5a36611d-033e-4893-bd49-5d4f776f57dd;ГК «Автомакон»;AK-2000-2;specs.navigation;https://robot.automacon.ru/agv-fmr;AGV/FMR-роботы — AK-2000-2;ГК «Автомакон»;official_product_page;;2026-09-15;HTML: AK-2000-2 / «Основные параметры»;Тип навигации — 3D Laser SLAM;3D Laser SLAM;3D Laser SLAM;;VERIFIED_OFFICIAL;0.99;Exact model designation AK-2000-2 is shown in the official Automacon product section.;
src-automacon-ak2000-2-page;5a36611d-033e-4893-bd49-5d4f776f57dd;ГК «Автомакон»;AK-2000-2;specs.charging_requirements;https://robot.automacon.ru/agv-fmr;AGV/FMR-роботы — AK-2000-2;ГК «Автомакон»;official_product_page;;2026-09-15;HTML: AK-2000-2 / «Основные параметры»;"ручной режим/замена батареи, автоматический режим; 2 часа";"ручной режим/замена батареи, автоматический режим; 2 часа";"{""modes"": [""manual"", ""battery replacement"", ""automatic""], ""charging_time_h"": 2}";;VERIFIED_OFFICIAL;0.99;Exact model designation AK-2000-2 is shown in the official Automacon product section.;"Charging duration stored explicitly as charging_time_h=2; modes preserved separately."
src-automacon-ak2000-2-page;5a36611d-033e-4893-bd49-5d4f776f57dd;ГК «Автомакон»;AK-2000-2;specs.throughput;https://robot.automacon.ru/agv-fmr;AGV/FMR-роботы — AK-2000-2;ГК «Автомакон»;official_product_page;;2026-09-15;HTML: AK-2000-2 / «Основные параметры»;;;;;NOT_FOUND;0.8;Exact model designation AK-2000-2 is shown in the official Automacon product section.;No explicit exact-model value found in the inspected official product section.
src-automacon-ak2000-2-page;5a36611d-033e-4893-bd49-5d4f776f57dd;ГК «Автомакон»;AK-2000-2;specs.operating_conditions;https://robot.automacon.ru/agv-fmr;AGV/FMR-роботы — AK-2000-2;ГК «Автомакон»;official_product_page;;2026-09-15;HTML: AK-2000-2 / «Основные параметры»;;;;;NOT_FOUND;0.8;Exact model designation AK-2000-2 is shown in the official Automacon product section.;No explicit exact-model value found in the inspected official product section.
src-automacon-ak2000-2-page;5a36611d-033e-4893-bd49-5d4f776f57dd;ГК «Автомакон»;AK-2000-2;specs.surface_requirements;https://robot.automacon.ru/agv-fmr;AGV/FMR-роботы — AK-2000-2;ГК «Автомакон»;official_product_page;;2026-09-15;HTML: AK-2000-2 / «Основные параметры»;;;;;NOT_FOUND;0.8;Exact model designation AK-2000-2 is shown in the official Automacon product section.;No explicit exact-model value found in the inspected official product section.
src-automacon-ak2000-2-page;5a36611d-033e-4893-bd49-5d4f776f57dd;ГК «Автомакон»;AK-2000-2;specs.aisle_requirements;https://robot.automacon.ru/agv-fmr;AGV/FMR-роботы — AK-2000-2;ГК «Автомакон»;official_product_page;;2026-09-15;HTML: AK-2000-2 / «Основные параметры»;;;;;NOT_FOUND;0.8;Exact model designation AK-2000-2 is shown in the official Automacon product section.;No explicit exact-model value found in the inspected official product section.
src-automacon-ak2000-2-page;5a36611d-033e-4893-bd49-5d4f776f57dd;ГК «Автомакон»;AK-2000-2;specs.connectivity;https://robot.automacon.ru/agv-fmr;AGV/FMR-роботы — AK-2000-2;ГК «Автомакон»;official_product_page;;2026-09-15;HTML: AK-2000-2 / «Основные параметры»;;;;;NOT_FOUND;0.8;Exact model designation AK-2000-2 is shown in the official Automacon product section.;No explicit exact-model value found in the inspected official product section.
src-automacon-ak2000-2-page;5a36611d-033e-4893-bd49-5d4f776f57dd;ГК «Автомакон»;AK-2000-2;specs.integrations;https://robot.automacon.ru/agv-fmr;AGV/FMR-роботы — AK-2000-2;ГК «Автомакон»;official_product_page;;2026-09-15;HTML: AK-2000-2 / «Основные параметры»;;;;;NOT_FOUND;0.8;Exact model designation AK-2000-2 is shown in the official Automacon product section.;No explicit exact-model value found in the inspected official product section.
src-automacon-ak2000-2-page;5a36611d-033e-4893-bd49-5d4f776f57dd;ГК «Автомакон»;AK-2000-2;specs.service_requirements;https://robot.automacon.ru/agv-fmr;AGV/FMR-роботы — AK-2000-2;ГК «Автомакон»;official_product_page;;2026-09-15;HTML: AK-2000-2 / «Основные параметры»;;;;;NOT_FOUND;0.8;Exact model designation AK-2000-2 is shown in the official Automacon product section.;No explicit exact-model value found in the inspected official product section.
src-automacon-ak2000-2-page;5a36611d-033e-4893-bd49-5d4f776f57dd;ГК «Автомакон»;AK-2000-2;specs.battery_type;https://robot.automacon.ru/agv-fmr;AGV/FMR-роботы — AK-2000-2;ГК «Автомакон»;official_product_page;;2026-09-15;HTML: AK-2000-2 / «Основные параметры»;Аккумулятор — LiFePO4;LiFePO4;LiFePO4;;VERIFIED_OFFICIAL;0.98;Exact model designation AK-2000-2 is shown in the official Automacon product section.;
src-automacon-ak2000-2-page;5a36611d-033e-4893-bd49-5d4f776f57dd;ГК «Автомакон»;AK-2000-2;specs.battery_voltage;https://robot.automacon.ru/agv-fmr;AGV/FMR-роботы — AK-2000-2;ГК «Автомакон»;official_product_page;;2026-09-15;HTML: AK-2000-2 / «Основные параметры»;Аккумулятор — 24 В;24 В;24;V;VERIFIED_OFFICIAL;0.98;Exact model designation AK-2000-2 is shown in the official Automacon product section.;
src-automacon-ak2000-2-page;5a36611d-033e-4893-bd49-5d4f776f57dd;ГК «Автомакон»;AK-2000-2;specs.battery_capacity;https://robot.automacon.ru/agv-fmr;AGV/FMR-роботы — AK-2000-2;ГК «Автомакон»;official_product_page;;2026-09-15;HTML: AK-2000-2 / «Основные параметры»;Аккумулятор — 225 Ач;225 Ач;225;Ah;VERIFIED_OFFICIAL;0.98;Exact model designation AK-2000-2 is shown in the official Automacon product section.;
src-automacon-ak2000-2-page;5a36611d-033e-4893-bd49-5d4f776f57dd;ГК «Автомакон»;AK-2000-2;specs.turning_radius;https://robot.automacon.ru/agv-fmr;AGV/FMR-роботы — AK-2000-2;ГК «Автомакон»;official_product_page;;2026-09-15;HTML: AK-2000-2 / «Основные параметры»;Минимальный радиус разворота — 1555 мм;1555 мм;1555;mm;VERIFIED_OFFICIAL;0.98;Exact model designation AK-2000-2 is shown in the official Automacon product section.;
src-automacon-ak2000-2-page;5a36611d-033e-4893-bd49-5d4f776f57dd;ГК «Автомакон»;AK-2000-2;specs.slope;https://robot.automacon.ru/agv-fmr;AGV/FMR-роботы — AK-2000-2;ГК «Автомакон»;official_product_page;;2026-09-15;HTML: AK-2000-2 / «Основные параметры»;Допустимый уклон — ±8%;±8%;"{""max_abs_slope_percent"":8}";%;VERIFIED_OFFICIAL;0.98;Exact model designation AK-2000-2 is shown in the official Automacon product section.;±8% is normalized as the maximum absolute admissible slope magnitude (8%), not as a numeric range [-8, 8].
src-automacon-ak2000-2-page;5a36611d-033e-4893-bd49-5d4f776f57dd;ГК «Автомакон»;AK-2000-2;specs.functional_safety;https://robot.automacon.ru/agv-fmr;AGV/FMR-роботы — AK-2000-2;ГК «Автомакон»;official_product_page;;2026-09-15;HTML: AK-2000-2 / «Основные параметры»;Фронтальные лидары. Лидар кругового обзора. Датчики столкновения;Фронтальные лидары. Лидар кругового обзора. Датчики столкновения;"[""front LiDARs"", ""360-degree LiDAR"", ""collision sensors""]";;VERIFIED_OFFICIAL;0.98;Exact model designation AK-2000-2 is shown in the official Automacon product section.;
src-robocv-stacker-html;2ffc706d-fe43-4c2b-baad-a624a95ad3ce;ООО «РобоСиВи»;Робот-штабелёр RoboCV / X-MOTION NG-P;specs.payload;https://robocv.ru/robot-shtabelyor;Робот-штабелёр;ООО «РобоСиВи»;official_model_page;2020-02-06;2026-09-15;HTML: «Технические характеристики», principle of operation, WMS/ERP integration;Грузоподъемность, кг: 1400;Грузоподъемность, кг: 1400;1400;kg;VERIFIED_OFFICIAL;0.97;"Official RoboCV HTML page and exact RoboCV stacker datasheet refer to the same robot class/model; two published specifications differ on speed and one aisle metric.";
src-robocv-stacker-pdf;2ffc706d-fe43-4c2b-baad-a624a95ad3ce;ООО «РобоСиВи»;Робот-штабелёр RoboCV / X-MOTION NG-P;specs.payload;https://robocv.ru/wp-content/uploads/2021/05/robot-shtabelyor-robocv-specifikaciya.pdf;РОБОТ-ШТАБЕЛЕР — Технические характеристики;ООО «РобоСиВи»;official_datasheet_pdf;;2026-09-15;"PDF p.1; screenshot visually checked";Грузоподъемность 1400 кг;Грузоподъемность 1400 кг;1400;kg;VERIFIED_OFFICIAL;0.97;"Official RoboCV HTML page and exact RoboCV stacker datasheet refer to the same robot class/model; two published specifications differ on speed and one aisle metric.";
src-robocv-stacker-html;2ffc706d-fe43-4c2b-baad-a624a95ad3ce;ООО «РобоСиВи»;Робот-штабелёр RoboCV / X-MOTION NG-P;specs.dimensions;https://robocv.ru/robot-shtabelyor;Робот-штабелёр;ООО «РобоСиВи»;official_model_page;2020-02-06;2026-09-15;HTML: «Технические характеристики», principle of operation, WMS/ERP integration;2,1 * 1,1 * 3 м;2,1 * 1,1 * 3 м;[2100, 1100, 3000];mm;VERIFIED_OFFICIAL;0.97;"Official RoboCV HTML page and exact RoboCV stacker datasheet refer to the same robot class/model; two published specifications differ on speed and one aisle metric.";Dimensions converted from metres to millimetres: m × 1000.
src-robocv-stacker-pdf;2ffc706d-fe43-4c2b-baad-a624a95ad3ce;ООО «РобоСиВи»;Робот-штабелёр RoboCV / X-MOTION NG-P;specs.dimensions;https://robocv.ru/wp-content/uploads/2021/05/robot-shtabelyor-robocv-specifikaciya.pdf;РОБОТ-ШТАБЕЛЕР — Технические характеристики;ООО «РобоСиВи»;official_datasheet_pdf;;2026-09-15;"PDF p.1; screenshot visually checked";2100 х 1100 х 3000 мм;2100 х 1100 х 3000 мм;[2100, 1100, 3000];mm;VERIFIED_OFFICIAL;0.97;"Official RoboCV HTML page and exact RoboCV stacker datasheet refer to the same robot class/model; two published specifications differ on speed and one aisle metric.";Dimensions converted from metres to millimetres: m × 1000.
src-robocv-stacker-html;2ffc706d-fe43-4c2b-baad-a624a95ad3ce;ООО «РобоСиВи»;Робот-штабелёр RoboCV / X-MOTION NG-P;specs.positioning_accuracy;https://robocv.ru/robot-shtabelyor;Робот-штабелёр;ООО «РобоСиВи»;official_model_page;2020-02-06;2026-09-15;HTML: «Технические характеристики», principle of operation, WMS/ERP integration;Точность навигации, см: 3;Точность навигации, см: 3;30;mm;VERIFIED_OFFICIAL;0.97;"Official RoboCV HTML page and exact RoboCV stacker datasheet refer to the same robot class/model; two published specifications differ on speed and one aisle metric.";"HTML 3 cm converted to 30 mm: cm × 10; datasheet independently states 30 mm."
src-robocv-stacker-pdf;2ffc706d-fe43-4c2b-baad-a624a95ad3ce;ООО «РобоСиВи»;Робот-штабелёр RoboCV / X-MOTION NG-P;specs.positioning_accuracy;https://robocv.ru/wp-content/uploads/2021/05/robot-shtabelyor-robocv-specifikaciya.pdf;РОБОТ-ШТАБЕЛЕР — Технические характеристики;ООО «РобоСиВи»;official_datasheet_pdf;;2026-09-15;"PDF p.1; screenshot visually checked";Точность позиционирования 30 мм;Точность позиционирования 30 мм;30;mm;VERIFIED_OFFICIAL;0.97;"Official RoboCV HTML page and exact RoboCV stacker datasheet refer to the same robot class/model; two published specifications differ on speed and one aisle metric.";"HTML 3 cm converted to 30 mm: cm × 10; datasheet independently states 30 mm."
src-robocv-stacker-pdf;2ffc706d-fe43-4c2b-baad-a624a95ad3ce;ООО «РобоСиВи»;Робот-штабелёр RoboCV / X-MOTION NG-P;specs.navigation;https://robocv.ru/wp-content/uploads/2021/05/robot-shtabelyor-robocv-specifikaciya.pdf;РОБОТ-ШТАБЕЛЕР — Технические характеристики;ООО «РобоСиВи»;official_datasheet_pdf;;2026-09-15;"PDF p.1; screenshot visually checked";Лидары, одометрия, безынфраструктурная навигация;Лидары, одометрия, безынфраструктурная навигация;"[""LiDAR"", ""odometry"", ""infrastructure-free navigation""]";;VERIFIED_OFFICIAL;0.97;"Official RoboCV HTML page and exact RoboCV stacker datasheet refer to the same robot class/model; two published specifications differ on speed and one aisle metric.";
src-robocv-stacker-html;2ffc706d-fe43-4c2b-baad-a624a95ad3ce;ООО «РобоСиВи»;Робот-штабелёр RoboCV / X-MOTION NG-P;specs.charging_requirements;https://robocv.ru/robot-shtabelyor;Робот-штабелёр;ООО «РобоСиВи»;official_model_page;2020-02-06;2026-09-15;HTML: «Технические характеристики», principle of operation, WMS/ERP integration;Способ заряда АКБ: замена / подзарядка;Способ заряда АКБ: замена / подзарядка;"[""battery replacement"", ""top-up charging""]";;VERIFIED_OFFICIAL;0.97;"Official RoboCV HTML page and exact RoboCV stacker datasheet refer to the same robot class/model; two published specifications differ on speed and one aisle metric.";
src-robocv-stacker-pdf;2ffc706d-fe43-4c2b-baad-a624a95ad3ce;ООО «РобоСиВи»;Робот-штабелёр RoboCV / X-MOTION NG-P;specs.charging_requirements;https://robocv.ru/wp-content/uploads/2021/05/robot-shtabelyor-robocv-specifikaciya.pdf;РОБОТ-ШТАБЕЛЕР — Технические характеристики;ООО «РобоСиВи»;official_datasheet_pdf;;2026-09-15;"PDF p.1; screenshot visually checked";Подзарядка, замена батареи;Подзарядка, замена батареи;"[""battery replacement"", ""top-up charging""]";;VERIFIED_OFFICIAL;0.97;"Official RoboCV HTML page and exact RoboCV stacker datasheet refer to the same robot class/model; two published specifications differ on speed and one aisle metric.";
src-robocv-stacker-html;2ffc706d-fe43-4c2b-baad-a624a95ad3ce;ООО «РобоСиВи»;Робот-штабелёр RoboCV / X-MOTION NG-P;specs.integrations;https://robocv.ru/robot-shtabelyor;Робот-штабелёр;ООО «РобоСиВи»;official_model_page;2020-02-06;2026-09-15;HTML: «Технические характеристики», principle of operation, WMS/ERP integration;API легко интегрируется с WMS/ERP системой;API легко интегрируется с WMS/ERP системой;"[""API"", ""WMS"", ""ERP""]";;VERIFIED_OFFICIAL;0.97;"Official RoboCV HTML page and exact RoboCV stacker datasheet refer to the same robot class/model; two published specifications differ on speed and one aisle metric.";
src-robocv-stacker-pdf;2ffc706d-fe43-4c2b-baad-a624a95ad3ce;ООО «РобоСиВи»;Робот-штабелёр RoboCV / X-MOTION NG-P;specs.integrations;https://robocv.ru/wp-content/uploads/2021/05/robot-shtabelyor-robocv-specifikaciya.pdf;РОБОТ-ШТАБЕЛЕР — Технические характеристики;ООО «РобоСиВи»;official_datasheet_pdf;;2026-09-15;"PDF p.1; screenshot visually checked";Простое документированное API для интеграции с WMS;Простое документированное API для интеграции с WMS;"[""API"", ""WMS"", ""ERP""]";;VERIFIED_OFFICIAL;0.97;"Official RoboCV HTML page and exact RoboCV stacker datasheet refer to the same robot class/model; two published specifications differ on speed and one aisle metric.";
src-robocv-stacker-html;2ffc706d-fe43-4c2b-baad-a624a95ad3ce;ООО «РобоСиВи»;Робот-штабелёр RoboCV / X-MOTION NG-P;specs.max_speed;https://robocv.ru/robot-shtabelyor;Робот-штабелёр;ООО «РобоСиВи»;official_model_page;2020-02-06;2026-09-15;HTML: «Технические характеристики», principle of operation, WMS/ERP integration;Максимальная скорость — 2 м/с;2 м/с;2.0;m/s;CONFLICT;0.7;"Official RoboCV HTML page and exact RoboCV stacker datasheet refer to the same robot class/model; two published specifications differ on speed and one aisle metric.";Conflicts with official PDF 1.67 m/s.
src-robocv-stacker-pdf;2ffc706d-fe43-4c2b-baad-a624a95ad3ce;ООО «РобоСиВи»;Робот-штабелёр RoboCV / X-MOTION NG-P;specs.max_speed;https://robocv.ru/wp-content/uploads/2021/05/robot-shtabelyor-robocv-specifikaciya.pdf;РОБОТ-ШТАБЕЛЕР — Технические характеристики;ООО «РобоСиВи»;official_datasheet_pdf;;2026-09-15;"PDF p.1; screenshot visually checked";Скорость — 1,67 м/с;1,67 м/с;1.67;m/s;CONFLICT;0.7;"Official RoboCV HTML page and exact RoboCV stacker datasheet refer to the same robot class/model; two published specifications differ on speed and one aisle metric.";Conflicts with official HTML 2 m/s.
src-robocv-stacker-html;2ffc706d-fe43-4c2b-baad-a624a95ad3ce;ООО «РобоСиВи»;Робот-штабелёр RoboCV / X-MOTION NG-P;specs.aisle_requirements;https://robocv.ru/robot-shtabelyor;Робот-штабелёр;ООО «РобоСиВи»;official_model_page;2020-02-06;2026-09-15;HTML: «Технические характеристики», principle of operation, WMS/ERP integration;"разворот 2,9 м; max. скорость 1,9 м";"разворот 2,9 м; max. скорость 1,9 м";"{""turning_aisle_mm"": 2900, ""full_speed_aisle_mm"": 1900}";mm;CONFLICT;0.7;"Official RoboCV HTML page and exact RoboCV stacker datasheet refer to the same robot class/model; two published specifications differ on speed and one aisle metric.";m × 1000.
src-robocv-stacker-pdf;2ffc706d-fe43-4c2b-baad-a624a95ad3ce;ООО «РобоСиВи»;Робот-штабелёр RoboCV / X-MOTION NG-P;specs.aisle_requirements;https://robocv.ru/wp-content/uploads/2021/05/robot-shtabelyor-robocv-specifikaciya.pdf;РОБОТ-ШТАБЕЛЕР — Технические характеристики;ООО «РобоСиВи»;official_datasheet_pdf;;2026-09-15;"PDF p.1; screenshot visually checked";"разворот 2900 мм; полная скорость 1800 мм";"разворот 2900 мм; полная скорость 1800 мм";"{""turning_aisle_mm"": 2900, ""full_speed_aisle_mm"": 1800}";mm;CONFLICT;0.7;"Official RoboCV HTML page and exact RoboCV stacker datasheet refer to the same robot class/model; two published specifications differ on speed and one aisle metric.";
src-robocv-stacker-html;2ffc706d-fe43-4c2b-baad-a624a95ad3ce;ООО «РобоСиВи»;Робот-штабелёр RoboCV / X-MOTION NG-P;specs.throughput;https://robocv.ru/robot-shtabelyor;Робот-штабелёр;ООО «РобоСиВи»;official_model_page;2020-02-06;2026-09-15;HTML: «Технические характеристики», principle of operation, WMS/ERP integration;;;;;NOT_FOUND;0.8;"Official RoboCV HTML page and exact RoboCV stacker datasheet refer to the same robot class/model; two published specifications differ on speed and one aisle metric.";No explicit exact-model value found.
src-robocv-stacker-html;2ffc706d-fe43-4c2b-baad-a624a95ad3ce;ООО «РобоСиВи»;Робот-штабелёр RoboCV / X-MOTION NG-P;specs.autonomy;https://robocv.ru/robot-shtabelyor;Робот-штабелёр;ООО «РобоСиВи»;official_model_page;2020-02-06;2026-09-15;HTML: «Технические характеристики», principle of operation, WMS/ERP integration;;;;;NOT_FOUND;0.8;"Official RoboCV HTML page and exact RoboCV stacker datasheet refer to the same robot class/model; two published specifications differ on speed and one aisle metric.";No explicit exact-model value found. The published '24/7' is an operating regime and was not parsed as autonomy hours.
src-robocv-stacker-html;2ffc706d-fe43-4c2b-baad-a624a95ad3ce;ООО «РобоСиВи»;Робот-штабелёр RoboCV / X-MOTION NG-P;specs.operating_conditions;https://robocv.ru/robot-shtabelyor;Робот-штабелёр;ООО «РобоСиВи»;official_model_page;2020-02-06;2026-09-15;HTML: «Технические характеристики», principle of operation, WMS/ERP integration;;;;;NOT_FOUND;0.8;"Official RoboCV HTML page and exact RoboCV stacker datasheet refer to the same robot class/model; two published specifications differ on speed and one aisle metric.";No explicit exact-model value found.
src-robocv-stacker-html;2ffc706d-fe43-4c2b-baad-a624a95ad3ce;ООО «РобоСиВи»;Робот-штабелёр RoboCV / X-MOTION NG-P;specs.surface_requirements;https://robocv.ru/robot-shtabelyor;Робот-штабелёр;ООО «РобоСиВи»;official_model_page;2020-02-06;2026-09-15;HTML: «Технические характеристики», principle of operation, WMS/ERP integration;;;;;NOT_FOUND;0.8;"Official RoboCV HTML page and exact RoboCV stacker datasheet refer to the same robot class/model; two published specifications differ on speed and one aisle metric.";No explicit exact-model value found.
src-robocv-stacker-html;2ffc706d-fe43-4c2b-baad-a624a95ad3ce;ООО «РобоСиВи»;Робот-штабелёр RoboCV / X-MOTION NG-P;specs.connectivity;https://robocv.ru/robot-shtabelyor;Робот-штабелёр;ООО «РобоСиВи»;official_model_page;2020-02-06;2026-09-15;HTML: «Технические характеристики», principle of operation, WMS/ERP integration;;;;;NOT_FOUND;0.8;"Official RoboCV HTML page and exact RoboCV stacker datasheet refer to the same robot class/model; two published specifications differ on speed and one aisle metric.";No explicit exact-model value found.
src-robocv-stacker-html;2ffc706d-fe43-4c2b-baad-a624a95ad3ce;ООО «РобоСиВи»;Робот-штабелёр RoboCV / X-MOTION NG-P;specs.service_requirements;https://robocv.ru/robot-shtabelyor;Робот-штабелёр;ООО «РобоСиВи»;official_model_page;2020-02-06;2026-09-15;HTML: «Технические характеристики», principle of operation, WMS/ERP integration;;;;;NOT_FOUND;0.8;"Official RoboCV HTML page and exact RoboCV stacker datasheet refer to the same robot class/model; two published specifications differ on speed and one aisle metric.";No explicit exact-model value found.
src-robocv-stacker-html;2ffc706d-fe43-4c2b-baad-a624a95ad3ce;ООО «РобоСиВи»;Робот-штабелёр RoboCV / X-MOTION NG-P;specs.battery_type;https://robocv.ru/robot-shtabelyor;Робот-штабелёр;ООО «РобоСиВи»;official_model_page;2020-02-06;2026-09-15;HTML: «Технические характеристики», principle of operation, WMS/ERP integration;Источник питания — АКБ Li-Ion / Pb;АКБ Li-Ion / Pb;"[""Li-ion"", ""lead-acid""]";;VERIFIED_OFFICIAL;0.96;"Official RoboCV HTML page and exact RoboCV stacker datasheet refer to the same robot class/model; two published specifications differ on speed and one aisle metric.";
src-robocv-stacker-pdf;2ffc706d-fe43-4c2b-baad-a624a95ad3ce;ООО «РобоСиВи»;Робот-штабелёр RoboCV / X-MOTION NG-P;specs.functional_safety;https://robocv.ru/wp-content/uploads/2021/05/robot-shtabelyor-robocv-specifikaciya.pdf;РОБОТ-ШТАБЕЛЕР — Технические характеристики;ООО «РобоСиВи»;official_datasheet_pdf;;2026-09-15;"PDF p.1; screenshot visually checked";"2 программируемых лидара; 3D-камера низких объектов; датчик под вилами; световые/звуковые сигналы; контроль груза";"2 программируемых лидара; 3D-камера низких объектов; датчик под вилами; световые/звуковые сигналы; контроль груза";"[""2 programmable safety LiDARs"", ""3D low-object detection"", ""fork safety sensor"", ""turn indicators"", ""beacon"", ""audible signals"", ""load monitoring""]";;VERIFIED_OFFICIAL;0.96;"Official RoboCV HTML page and exact RoboCV stacker datasheet refer to the same robot class/model; two published specifications differ on speed and one aisle metric.";PDF p.1 visually checked.
src-robocv-stacker-html;2ffc706d-fe43-4c2b-baad-a624a95ad3ce;ООО «РобоСиВи»;Робот-штабелёр RoboCV / X-MOTION NG-P;specs.fork_lift_height;https://robocv.ru/robot-shtabelyor;Робот-штабелёр;ООО «РобоСиВи»;official_model_page;2020-02-06;2026-09-15;HTML: «Технические характеристики», principle of operation, WMS/ERP integration;до 7 м;до 7 м;7000;mm;VERIFIED_OFFICIAL;0.96;"Official RoboCV HTML page and exact RoboCV stacker datasheet refer to the same robot class/model; two published specifications differ on speed and one aisle metric.";m × 1000.
src-robocv-tug-html;b4a9ef38-b68a-4c0f-8512-9bc9a718c4e1;ООО «РобоСиВи»;Робот-тягач RoboCV / X-MOTION NG-T;specs.payload;https://robocv.ru/robot-tyagach;Робот-тягач;ООО «РобоСиВи»;official_model_page;2020-02-06;2026-09-15;HTML: «Технические характеристики», principle of operation;Грузоподъемность — до 5000 кг;до 5000 кг;5000;kg;CONFLICT;0.6;"Official RoboCV HTML page and exact RoboCV tug datasheet refer to the tug; several published metrics differ or use different terminology.";PDF instead publishes 'сила тяги 4000 кг'.
src-robocv-tug-pdf;b4a9ef38-b68a-4c0f-8512-9bc9a718c4e1;ООО «РобоСиВи»;Робот-тягач RoboCV / X-MOTION NG-T;specs.payload;https://robocv.ru/wp-content/uploads/2021/05/robot-tyagach-robocv-specifikaciya.pdf;РОБОТ-ТЯГАЧ — Технические характеристики;ООО «РобоСиВи»;official_datasheet_pdf;;2026-09-15;"PDF p.1; screenshot visually checked";4000 кг (сила тяги);4000 кг (сила тяги);4000;kg;CONFLICT;0.6;"Official RoboCV HTML page and exact RoboCV tug datasheet refer to the tug; several published metrics differ or use different terminology.";"Different metric label; human decision required for technical matching."
src-robocv-tug-html;b4a9ef38-b68a-4c0f-8512-9bc9a718c4e1;ООО «РобоСиВи»;Робот-тягач RoboCV / X-MOTION NG-T;specs.dimensions;https://robocv.ru/robot-tyagach;Робот-тягач;ООО «РобоСиВи»;official_model_page;2020-02-06;2026-09-15;HTML: «Технические характеристики», principle of operation;1,6 * 0,8 * 2,2 м;1,6 * 0,8 * 2,2 м;[1600, 800, 2200];mm;VERIFIED_OFFICIAL;0.98;"Official RoboCV HTML page and exact RoboCV tug datasheet refer to the tug; several published metrics differ or use different terminology.";m × 1000.
src-robocv-tug-pdf;b4a9ef38-b68a-4c0f-8512-9bc9a718c4e1;ООО «РобоСиВи»;Робот-тягач RoboCV / X-MOTION NG-T;specs.dimensions;https://robocv.ru/wp-content/uploads/2021/05/robot-tyagach-robocv-specifikaciya.pdf;РОБОТ-ТЯГАЧ — Технические характеристики;ООО «РобоСиВи»;official_datasheet_pdf;;2026-09-15;"PDF p.1; screenshot visually checked";1600 x 800 x 2200 мм;1600 x 800 x 2200 мм;[1600, 800, 2200];mm;VERIFIED_OFFICIAL;0.98;"Official RoboCV HTML page and exact RoboCV tug datasheet refer to the tug; several published metrics differ or use different terminology.";m × 1000.
src-robocv-tug-html;b4a9ef38-b68a-4c0f-8512-9bc9a718c4e1;ООО «РобоСиВи»;Робот-тягач RoboCV / X-MOTION NG-T;specs.max_speed;https://robocv.ru/robot-tyagach;Робот-тягач;ООО «РобоСиВи»;official_model_page;2020-02-06;2026-09-15;HTML: «Технические характеристики», principle of operation;Максимальная скорость — 2,2 м/с;2,2 м/с;2.2;m/s;CONFLICT;0.65;"Official RoboCV HTML page and exact RoboCV tug datasheet refer to the tug; several published metrics differ or use different terminology.";
src-robocv-tug-pdf;b4a9ef38-b68a-4c0f-8512-9bc9a718c4e1;ООО «РобоСиВи»;Робот-тягач RoboCV / X-MOTION NG-T;specs.max_speed;https://robocv.ru/wp-content/uploads/2021/05/robot-tyagach-robocv-specifikaciya.pdf;РОБОТ-ТЯГАЧ — Технические характеристики;ООО «РобоСиВи»;official_datasheet_pdf;;2026-09-15;"PDF p.1; screenshot visually checked";"7,5 км/ч; 12 км/ч";"7,5 км/ч; 12 км/ч";"{""loaded"": 2.0833, ""unloaded"": 3.3333}";m/s;CONFLICT;0.65;"Official RoboCV HTML page and exact RoboCV tug datasheet refer to the tug; several published metrics differ or use different terminology.";km/h ÷ 3.6.
src-robocv-tug-html;b4a9ef38-b68a-4c0f-8512-9bc9a718c4e1;ООО «РобоСиВи»;Робот-тягач RoboCV / X-MOTION NG-T;specs.positioning_accuracy;https://robocv.ru/robot-tyagach;Робот-тягач;ООО «РобоСиВи»;official_model_page;2020-02-06;2026-09-15;HTML: «Технические характеристики», principle of operation;Точность навигации — 5 см;5 см;50;mm;CONFLICT;0.65;"Official RoboCV HTML page and exact RoboCV tug datasheet refer to the tug; several published metrics differ or use different terminology.";cm × 10.
src-robocv-tug-pdf;b4a9ef38-b68a-4c0f-8512-9bc9a718c4e1;ООО «РобоСиВи»;Робот-тягач RoboCV / X-MOTION NG-T;specs.positioning_accuracy;https://robocv.ru/wp-content/uploads/2021/05/robot-tyagach-robocv-specifikaciya.pdf;РОБОТ-ТЯГАЧ — Технические характеристики;ООО «РобоСиВи»;official_datasheet_pdf;;2026-09-15;"PDF p.1; screenshot visually checked";Точность позиционирования — 70 мм;70 мм;70;mm;CONFLICT;0.65;"Official RoboCV HTML page and exact RoboCV tug datasheet refer to the tug; several published metrics differ or use different terminology.";
src-robocv-tug-pdf;b4a9ef38-b68a-4c0f-8512-9bc9a718c4e1;ООО «РобоСиВи»;Робот-тягач RoboCV / X-MOTION NG-T;specs.navigation;https://robocv.ru/wp-content/uploads/2021/05/robot-tyagach-robocv-specifikaciya.pdf;РОБОТ-ТЯГАЧ — Технические характеристики;ООО «РобоСиВи»;official_datasheet_pdf;;2026-09-15;"PDF p.1; screenshot visually checked";Лидары, одометрия, безынфраструктурная навигация;Лидары, одометрия, безынфраструктурная навигация;"[""LiDAR"", ""odometry"", ""infrastructure-free navigation""]";;VERIFIED_OFFICIAL;0.96;"Official RoboCV HTML page and exact RoboCV tug datasheet refer to the tug; several published metrics differ or use different terminology.";
src-robocv-tug-html;b4a9ef38-b68a-4c0f-8512-9bc9a718c4e1;ООО «РобоСиВи»;Робот-тягач RoboCV / X-MOTION NG-T;specs.aisle_requirements;https://robocv.ru/robot-tyagach;Робот-тягач;ООО «РобоСиВи»;official_model_page;2020-02-06;2026-09-15;HTML: «Технические характеристики», principle of operation;"Разворот 2,9 м; дорога для max. скорости 2,9 м";"Разворот 2,9 м; дорога для max. скорости 2,9 м";"{""turning_aisle_mm"": 2900, ""full_speed_aisle_mm"": 2900}";mm;VERIFIED_OFFICIAL;0.96;"Official RoboCV HTML page and exact RoboCV tug datasheet refer to the tug; several published metrics differ or use different terminology.";m × 1000.
src-robocv-tug-pdf;b4a9ef38-b68a-4c0f-8512-9bc9a718c4e1;ООО «РобоСиВи»;Робот-тягач RoboCV / X-MOTION NG-T;specs.aisle_requirements;https://robocv.ru/wp-content/uploads/2021/05/robot-tyagach-robocv-specifikaciya.pdf;РОБОТ-ТЯГАЧ — Технические характеристики;ООО «РобоСиВи»;official_datasheet_pdf;;2026-09-15;"PDF p.1; screenshot visually checked";"2900 мм для полной скорости; 2900 мм для разворота";"2900 мм для полной скорости; 2900 мм для разворота";"{""turning_aisle_mm"": 2900, ""full_speed_aisle_mm"": 2900}";mm;VERIFIED_OFFICIAL;0.96;"Official RoboCV HTML page and exact RoboCV tug datasheet refer to the tug; several published metrics differ or use different terminology.";m × 1000.
src-robocv-tug-html;b4a9ef38-b68a-4c0f-8512-9bc9a718c4e1;ООО «РобоСиВи»;Робот-тягач RoboCV / X-MOTION NG-T;specs.charging_requirements;https://robocv.ru/robot-tyagach;Робот-тягач;ООО «РобоСиВи»;official_model_page;2020-02-06;2026-09-15;HTML: «Технические характеристики», principle of operation;Способ заряда АКБ: замена / подзарядка;Способ заряда АКБ: замена / подзарядка;"[""battery replacement"", ""top-up charging""]";;VERIFIED_OFFICIAL;0.96;"Official RoboCV HTML page and exact RoboCV tug datasheet refer to the tug; several published metrics differ or use different terminology.";
src-robocv-tug-pdf;b4a9ef38-b68a-4c0f-8512-9bc9a718c4e1;ООО «РобоСиВи»;Робот-тягач RoboCV / X-MOTION NG-T;specs.charging_requirements;https://robocv.ru/wp-content/uploads/2021/05/robot-tyagach-robocv-specifikaciya.pdf;РОБОТ-ТЯГАЧ — Технические характеристики;ООО «РобоСиВи»;official_datasheet_pdf;;2026-09-15;"PDF p.1; screenshot visually checked";Подзарядка, замена батареи;Подзарядка, замена батареи;"[""battery replacement"", ""top-up charging""]";;VERIFIED_OFFICIAL;0.96;"Official RoboCV HTML page and exact RoboCV tug datasheet refer to the tug; several published metrics differ or use different terminology.";
src-robocv-tug-html;b4a9ef38-b68a-4c0f-8512-9bc9a718c4e1;ООО «РобоСиВи»;Робот-тягач RoboCV / X-MOTION NG-T;specs.connectivity;https://robocv.ru/robot-tyagach;Робот-тягач;ООО «РобоСиВи»;official_model_page;2020-02-06;2026-09-15;HTML: «Технические характеристики», principle of operation;ожидает сигнала по Wi‑Fi от IT-системы управления производством;ожидает сигнала по Wi‑Fi от IT-системы управления производством;Wi-Fi;;VERIFIED_OFFICIAL;0.96;"Official RoboCV HTML page and exact RoboCV tug datasheet refer to the tug; several published metrics differ or use different terminology.";
src-robocv-tug-pdf;b4a9ef38-b68a-4c0f-8512-9bc9a718c4e1;ООО «РобоСиВи»;Робот-тягач RoboCV / X-MOTION NG-T;specs.integrations;https://robocv.ru/wp-content/uploads/2021/05/robot-tyagach-robocv-specifikaciya.pdf;РОБОТ-ТЯГАЧ — Технические характеристики;ООО «РобоСиВи»;official_datasheet_pdf;;2026-09-15;"PDF p.1; screenshot visually checked";API для интеграции с WMS;API для интеграции с WMS;"[""API"", ""WMS""]";;VERIFIED_OFFICIAL;0.96;"Official RoboCV HTML page and exact RoboCV tug datasheet refer to the tug; several published metrics differ or use different terminology.";Run-1 composite/paraphrased raw representation moved to notes: Простое документированное API для интеграции с WMS
src-robocv-tug-html;b4a9ef38-b68a-4c0f-8512-9bc9a718c4e1;ООО «РобоСиВи»;Робот-тягач RoboCV / X-MOTION NG-T;specs.throughput;https://robocv.ru/robot-tyagach;Робот-тягач;ООО «РобоСиВи»;official_model_page;2020-02-06;2026-09-15;HTML: «Технические характеристики», principle of operation;;;;;NOT_FOUND;0.8;"Official RoboCV HTML page and exact RoboCV tug datasheet refer to the tug; several published metrics differ or use different terminology.";No explicit exact-model value found.
src-robocv-tug-html;b4a9ef38-b68a-4c0f-8512-9bc9a718c4e1;ООО «РобоСиВи»;Робот-тягач RoboCV / X-MOTION NG-T;specs.autonomy;https://robocv.ru/robot-tyagach;Робот-тягач;ООО «РобоСиВи»;official_model_page;2020-02-06;2026-09-15;HTML: «Технические характеристики», principle of operation;;;;;NOT_FOUND;0.8;"Official RoboCV HTML page and exact RoboCV tug datasheet refer to the tug; several published metrics differ or use different terminology.";The published '24/7' is an operating regime and was not parsed as autonomy hours.
src-robocv-tug-html;b4a9ef38-b68a-4c0f-8512-9bc9a718c4e1;ООО «РобоСиВи»;Робот-тягач RoboCV / X-MOTION NG-T;specs.operating_conditions;https://robocv.ru/robot-tyagach;Робот-тягач;ООО «РобоСиВи»;official_model_page;2020-02-06;2026-09-15;HTML: «Технические характеристики», principle of operation;;;;;NOT_FOUND;0.8;"Official RoboCV HTML page and exact RoboCV tug datasheet refer to the tug; several published metrics differ or use different terminology.";No explicit exact-model value found.
src-robocv-tug-html;b4a9ef38-b68a-4c0f-8512-9bc9a718c4e1;ООО «РобоСиВи»;Робот-тягач RoboCV / X-MOTION NG-T;specs.surface_requirements;https://robocv.ru/robot-tyagach;Робот-тягач;ООО «РобоСиВи»;official_model_page;2020-02-06;2026-09-15;HTML: «Технические характеристики», principle of operation;;;;;NOT_FOUND;0.8;"Official RoboCV HTML page and exact RoboCV tug datasheet refer to the tug; several published metrics differ or use different terminology.";No explicit exact-model value found.
src-robocv-tug-html;b4a9ef38-b68a-4c0f-8512-9bc9a718c4e1;ООО «РобоСиВи»;Робот-тягач RoboCV / X-MOTION NG-T;specs.service_requirements;https://robocv.ru/robot-tyagach;Робот-тягач;ООО «РобоСиВи»;official_model_page;2020-02-06;2026-09-15;HTML: «Технические характеристики», principle of operation;;;;;NOT_FOUND;0.8;"Official RoboCV HTML page and exact RoboCV tug datasheet refer to the tug; several published metrics differ or use different terminology.";No explicit exact-model value found.
src-robocv-tug-html;b4a9ef38-b68a-4c0f-8512-9bc9a718c4e1;ООО «РобоСиВи»;Робот-тягач RoboCV / X-MOTION NG-T;specs.battery_type;https://robocv.ru/robot-tyagach;Робот-тягач;ООО «РобоСиВи»;official_model_page;2020-02-06;2026-09-15;HTML: «Технические характеристики», principle of operation;Источник питания — АКБ Li-Ion / Pb;АКБ Li-Ion / Pb;"[""Li-ion"", ""lead-acid""]";;VERIFIED_OFFICIAL;0.96;"Official RoboCV HTML page and exact RoboCV tug datasheet refer to the tug; several published metrics differ or use different terminology.";
src-robocv-tug-pdf;b4a9ef38-b68a-4c0f-8512-9bc9a718c4e1;ООО «РобоСиВи»;Робот-тягач RoboCV / X-MOTION NG-T;specs.functional_safety;https://robocv.ru/wp-content/uploads/2021/05/robot-tyagach-robocv-specifikaciya.pdf;РОБОТ-ТЯГАЧ — Технические характеристики;ООО «РобоСиВи»;official_datasheet_pdf;;2026-09-15;"PDF p.1; screenshot visually checked";"1 программируемый лидар; 3D-камера низких объектов; проблесковый маячок; звуковые сигналы";"1 программируемый лидар; 3D-камера низких объектов; проблесковый маячок; звуковые сигналы";"[""1 programmable safety LiDAR"", ""3D low-object detection"", ""beacon"", ""audible signals""]";;VERIFIED_OFFICIAL;0.96;"Official RoboCV HTML page and exact RoboCV tug datasheet refer to the tug; several published metrics differ or use different terminology.";PDF p.1 visually checked.
src-ars-smartcube-robot;0ece582a-084c-4a8b-99f4-576f0e01b7c8;ООО «АРС» / ARS Smart Robotics;ARS SmartCube™ (robot CR-02 + station UC-01);specs.payload;https://arobosys.ru/robot;CR-02 — робот для системы ARS SmartCube™;ООО «АРС» / ARS Smart Robotics;official_system_module_page;;2026-09-15;HTML: «Принцип работы», «Технические характеристики», FAQ;Максимальный вес ящика — 30 кг;Максимальный вес ящика — 30 кг;30;kg;VERIFIED_OFFICIAL;0.96;"Organizer product is the SmartCube system; official SmartCube pages define the system as modules and the current robot/station modules are CR-02 and UC-01.";
src-ars-smartcube-robot;0ece582a-084c-4a8b-99f4-576f0e01b7c8;ООО «АРС» / ARS Smart Robotics;ARS SmartCube™ (robot CR-02 + station UC-01);specs.dimensions;https://arobosys.ru/robot;CR-02 — робот для системы ARS SmartCube™;ООО «АРС» / ARS Smart Robotics;official_system_module_page;;2026-09-15;HTML: «Принцип работы», «Технические характеристики», FAQ;;;;;NOT_FOUND;0.8;"Organizer product is the SmartCube system; official SmartCube pages define the system as modules and the current robot/station modules are CR-02 and UC-01.";No robot dimensions are published on the inspected current module page.
src-ars-smartcube-robot;0ece582a-084c-4a8b-99f4-576f0e01b7c8;ООО «АРС» / ARS Smart Robotics;ARS SmartCube™ (robot CR-02 + station UC-01);specs.max_speed;https://arobosys.ru/robot;CR-02 — робот для системы ARS SmartCube™;ООО «АРС» / ARS Smart Robotics;official_system_module_page;;2026-09-15;HTML: «Принцип работы», «Технические характеристики», FAQ;Максимальная скорость движения — 2,1 м/с;2,1 м/с;2.1;m/s;CONFLICT;0.7;"Organizer product is the SmartCube system; official SmartCube pages define the system as modules and the current robot/station modules are CR-02 and UC-01.";Same page also lists linear speed 2.7 m/s.
src-ars-smartcube-robot;0ece582a-084c-4a8b-99f4-576f0e01b7c8;ООО «АРС» / ARS Smart Robotics;ARS SmartCube™ (robot CR-02 + station UC-01);specs.max_speed;https://arobosys.ru/robot;CR-02 — робот для системы ARS SmartCube™;ООО «АРС» / ARS Smart Robotics;official_system_module_page;;2026-09-15;HTML: «Принцип работы», «Технические характеристики», FAQ;Линейная скорость — 2,7 м/с;2,7 м/с;2.7;m/s;CONFLICT;0.7;"Organizer product is the SmartCube system; official SmartCube pages define the system as modules and the current robot/station modules are CR-02 and UC-01.";Same page also states maximum speed 2.1 m/s.
src-ars-smartcube-station;0ece582a-084c-4a8b-99f4-576f0e01b7c8;ООО «АРС» / ARS Smart Robotics;ARS SmartCube™ (robot CR-02 + station UC-01);specs.throughput;https://arobosys.ru/station;UC-01 — рабочая станция ARS SmartCube™;ООО «АРС» / ARS Smart Robotics;official_system_module_page;;2026-09-15;HTML: «Технические характеристики», FAQ;Производительность — 200 ящиков в час;200 ящиков в час;200;box/h;VERIFIED_OFFICIAL;0.95;"Organizer product is the SmartCube system; official SmartCube pages define the system as modules and the current robot/station modules are CR-02 and UC-01.";"System/station metric; not a per-robot figure."
src-ars-smartcube-robot;0ece582a-084c-4a8b-99f4-576f0e01b7c8;ООО «АРС» / ARS Smart Robotics;ARS SmartCube™ (robot CR-02 + station UC-01);specs.autonomy;https://arobosys.ru/robot;CR-02 — робот для системы ARS SmartCube™;ООО «АРС» / ARS Smart Robotics;official_system_module_page;;2026-09-15;HTML: «Принцип работы», «Технические характеристики», FAQ;Время автономной работы — 8 часов;8 часов;8;h;VERIFIED_OFFICIAL;0.99;"Organizer product is the SmartCube system; official SmartCube pages define the system as modules and the current robot/station modules are CR-02 and UC-01.";
src-ars-smartcube-robot;0ece582a-084c-4a8b-99f4-576f0e01b7c8;ООО «АРС» / ARS Smart Robotics;ARS SmartCube™ (robot CR-02 + station UC-01);specs.positioning_accuracy;https://arobosys.ru/robot;CR-02 — робот для системы ARS SmartCube™;ООО «АРС» / ARS Smart Robotics;official_system_module_page;;2026-09-15;HTML: «Принцип работы», «Технические характеристики», FAQ;;;;;NOT_FOUND;0.8;"Organizer product is the SmartCube system; official SmartCube pages define the system as modules and the current robot/station modules are CR-02 and UC-01.";No positioning tolerance is published.
src-ars-smartcube-robot;0ece582a-084c-4a8b-99f4-576f0e01b7c8;ООО «АРС» / ARS Smart Robotics;ARS SmartCube™ (robot CR-02 + station UC-01);specs.navigation;https://arobosys.ru/robot;CR-02 — робот для системы ARS SmartCube™;ООО «АРС» / ARS Smart Robotics;official_system_module_page;;2026-09-15;HTML: «Принцип работы», «Технические характеристики», FAQ;"По рельсам 2D-сетки; для навигации используются датчики";"По рельсам 2D-сетки; для навигации используются датчики";"{""guidance"": ""rail grid"", ""localization"": ""onboard sensors"", ""grid"": ""2D""}";;VERIFIED_OFFICIAL;0.98;"Organizer product is the SmartCube system; official SmartCube pages define the system as modules and the current robot/station modules are CR-02 and UC-01.";"Run-1 composite/paraphrased raw representation moved to notes: Рельсовая 2D-сетка; датчики на роботе"
src-ars-smartcube-robot;0ece582a-084c-4a8b-99f4-576f0e01b7c8;ООО «АРС» / ARS Smart Robotics;ARS SmartCube™ (robot CR-02 + station UC-01);specs.operating_conditions;https://arobosys.ru/robot;CR-02 — робот для системы ARS SmartCube™;ООО «АРС» / ARS Smart Robotics;official_system_module_page;;2026-09-15;HTML: «Принцип работы», «Технические характеристики», FAQ;Рабочая температура — 0°C до 40°C;0°C до 40°C;[0, 40];degC;VERIFIED_OFFICIAL;0.99;"Organizer product is the SmartCube system; official SmartCube pages define the system as modules and the current robot/station modules are CR-02 and UC-01.";
src-ars-smartcube-robot;0ece582a-084c-4a8b-99f4-576f0e01b7c8;ООО «АРС» / ARS Smart Robotics;ARS SmartCube™ (robot CR-02 + station UC-01);specs.surface_requirements;https://arobosys.ru/robot;CR-02 — робот для системы ARS SmartCube™;ООО «АРС» / ARS Smart Robotics;official_system_module_page;;2026-09-15;HTML: «Принцип работы», «Технические характеристики», FAQ;Робот перемещается по рельсам над шахтами;Робот перемещается по рельсам над шахтами;Dedicated SmartCube rail grid above shafts;;VERIFIED_OFFICIAL;0.96;"Organizer product is the SmartCube system; official SmartCube pages define the system as modules and the current robot/station modules are CR-02 and UC-01.";Run-1 composite/paraphrased raw representation moved to notes: Рельсовая 2D-сетка над шахтами
src-ars-smartcube-about;0ece582a-084c-4a8b-99f4-576f0e01b7c8;ООО «АРС» / ARS Smart Robotics;ARS SmartCube™ (robot CR-02 + station UC-01);specs.aisle_requirements;https://arobosys.ru/about;О системе ARS SmartCube™;ООО «АРС» / ARS Smart Robotics;official_system_page;;2026-09-15;HTML: «О системе»;;;;;NOT_FOUND;0.8;"Organizer product is the SmartCube system; official SmartCube pages define the system as modules and the current robot/station modules are CR-02 and UC-01.";"Conventional aisle width is not published and is not directly applicable to the rail-grid architecture; no numeric minimum was inferred."
src-ars-smartcube-robot;0ece582a-084c-4a8b-99f4-576f0e01b7c8;ООО «АРС» / ARS Smart Robotics;ARS SmartCube™ (robot CR-02 + station UC-01);specs.charging_requirements;https://arobosys.ru/robot;CR-02 — робот для системы ARS SmartCube™;ООО «АРС» / ARS Smart Robotics;official_system_module_page;;2026-09-15;HTML: «Принцип работы», «Технические характеристики», FAQ;"Время зарядки — 4 часа; подключение без участия человека";"Время зарядки — 4 часа; подключение без участия человека";"{""charging_time_h"": 4, ""mode"": ""automatic_station_docking""}";;VERIFIED_OFFICIAL;0.99;"Organizer product is the SmartCube system; official SmartCube pages define the system as modules and the current robot/station modules are CR-02 and UC-01.";"Run-1 composite/paraphrased raw representation moved to notes: 4 часа; автоматическая зарядная станция"
src-ars-smartcube-software;0ece582a-084c-4a8b-99f4-576f0e01b7c8;ООО «АРС» / ARS Smart Robotics;ARS SmartCube™ (robot CR-02 + station UC-01);specs.connectivity;https://arobosys.ru/software;Программное обеспечение SmartCube™;ООО «АРС» / ARS Smart Robotics;official_software_page;;2026-09-15;HTML: WMS interaction, system requirements, support;Скорость сетевого соединения не менее 100 Мб/сек;не менее 100 Мб/сек;100;Mbit/s;VERIFIED_OFFICIAL;0.95;"Organizer product is the SmartCube system; official SmartCube pages define the system as modules and the current robot/station modules are CR-02 and UC-01.";
src-ars-smartcube-software;0ece582a-084c-4a8b-99f4-576f0e01b7c8;ООО «АРС» / ARS Smart Robotics;ARS SmartCube™ (robot CR-02 + station UC-01);specs.integrations;https://arobosys.ru/software;Программное обеспечение SmartCube™;ООО «АРС» / ARS Smart Robotics;official_software_page;;2026-09-15;HTML: WMS interaction, system requirements, support;Взаимодействие с WMS системой заказчика;Взаимодействие с WMS системой заказчика;"[""WMS""]";;VERIFIED_OFFICIAL;0.98;"Organizer product is the SmartCube system; official SmartCube pages define the system as modules and the current robot/station modules are CR-02 and UC-01.";gRPC is listed as a technology stack item, not asserted here as an external customer API. Run-1 composite/paraphrased raw representation moved to notes: WMS integration
src-ars-smartcube-robot;0ece582a-084c-4a8b-99f4-576f0e01b7c8;ООО «АРС» / ARS Smart Robotics;ARS SmartCube™ (robot CR-02 + station UC-01);specs.service_requirements;https://arobosys.ru/robot;CR-02 — робот для системы ARS SmartCube™;ООО «АРС» / ARS Smart Robotics;official_system_module_page;;2026-09-15;HTML: «Принцип работы», «Технические характеристики», FAQ;Полугодичные и годичные интервалы ТО;Полугодичные и годичные интервалы ТО;"{""maintenance_intervals"": [""6 months"", ""12 months""], ""remote_support"": true}";;VERIFIED_OFFICIAL;0.98;"Organizer product is the SmartCube system; official SmartCube pages define the system as modules and the current robot/station modules are CR-02 and UC-01.";"Run-1 composite/paraphrased raw representation moved to notes: Полугодичные и годичные интервалы ТО; удаленный режим управления при необходимости"
src-ars-smartcube-software;0ece582a-084c-4a8b-99f4-576f0e01b7c8;ООО «АРС» / ARS Smart Robotics;ARS SmartCube™ (robot CR-02 + station UC-01);specs.service_requirements;https://arobosys.ru/software;Программное обеспечение SmartCube™;ООО «АРС» / ARS Smart Robotics;official_software_page;;2026-09-15;HTML: WMS interaction, system requirements, support;Служба технической поддержки: support@arobosys.com;Служба технической поддержки: support@arobosys.com;support@arobosys.com;;VERIFIED_OFFICIAL;0.98;"Organizer product is the SmartCube system; official SmartCube pages define the system as modules and the current robot/station modules are CR-02 and UC-01.";
src-ars-smartcube-robot;0ece582a-084c-4a8b-99f4-576f0e01b7c8;ООО «АРС» / ARS Smart Robotics;ARS SmartCube™ (robot CR-02 + station UC-01);specs.mass;https://arobosys.ru/robot;CR-02 — робот для системы ARS SmartCube™;ООО «АРС» / ARS Smart Robotics;official_system_module_page;;2026-09-15;HTML: «Принцип работы», «Технические характеристики», FAQ;Вес робота — 130 кг (без ящика);130 кг (без ящика);130;kg;VERIFIED_OFFICIAL;0.99;"Organizer product is the SmartCube system; official SmartCube pages define the system as modules and the current robot/station modules are CR-02 and UC-01.";
src-r2b-mark2se-page;446c5207-a099-45e0-b615-afd60de08589;R2B / ООО «Р2Б»;MARK 2 SE;specs.payload;https://r2b.company/mark2se;MARK 2 SE;R2B / ООО «Р2Б»;official_model_page;;2026-09-15;HTML: technical characteristics, base station, support;;;;;NOT_FOUND;0.8;Exact MARK 2 SE model page and exact-model rental/FAQ page are official R2B sources.;No explicit exact-model value found.
src-r2b-mark2se-page;446c5207-a099-45e0-b615-afd60de08589;R2B / ООО «Р2Б»;MARK 2 SE;specs.positioning_accuracy;https://r2b.company/mark2se;MARK 2 SE;R2B / ООО «Р2Б»;official_model_page;;2026-09-15;HTML: technical characteristics, base station, support;;;;;NOT_FOUND;0.8;Exact MARK 2 SE model page and exact-model rental/FAQ page are official R2B sources.;No explicit exact-model value found.
src-r2b-mark2se-page;446c5207-a099-45e0-b615-afd60de08589;R2B / ООО «Р2Б»;MARK 2 SE;specs.operating_conditions;https://r2b.company/mark2se;MARK 2 SE;R2B / ООО «Р2Б»;official_model_page;;2026-09-15;HTML: technical characteristics, base station, support;;;;;NOT_FOUND;0.8;Exact MARK 2 SE model page and exact-model rental/FAQ page are official R2B sources.;No explicit quantitative value suitable for this field was found on the inspected exact-model page.
src-r2b-mark2se-page;446c5207-a099-45e0-b615-afd60de08589;R2B / ООО «Р2Б»;MARK 2 SE;specs.connectivity;https://r2b.company/mark2se;MARK 2 SE;R2B / ООО «Р2Б»;official_model_page;;2026-09-15;HTML: technical characteristics, base station, support;;;;;NOT_FOUND;0.8;Exact MARK 2 SE model page and exact-model rental/FAQ page are official R2B sources.;No explicit exact-model value found.
src-r2b-mark2se-page;446c5207-a099-45e0-b615-afd60de08589;R2B / ООО «Р2Б»;MARK 2 SE;specs.integrations;https://r2b.company/mark2se;MARK 2 SE;R2B / ООО «Р2Б»;official_model_page;;2026-09-15;HTML: technical characteristics, base station, support;;;;;NOT_FOUND;0.8;Exact MARK 2 SE model page and exact-model rental/FAQ page are official R2B sources.;No explicit exact-model value found.
src-r2b-mark2se-rent;446c5207-a099-45e0-b615-afd60de08589;R2B / ООО «Р2Б»;MARK 2 SE;specs.surface_requirements;https://r2b.company/rent;Аренда робота-уборщика Mark 2 SE;R2B / ООО «Р2Б»;official_model_service_page;;2026-09-15;HTML: sections «Покрытие», «Ширина прохода»;"Только ровный пол: плитка, ламинат, гладкий бетон, искусственный камень, керамогранит; не подходят ковролин и ворсовые покрытия";"Только ровный пол: плитка, ламинат, гладкий бетон, искусственный камень, керамогранит; не подходят ковролин и ворсовые покрытия";"{""required"": ""flat hard floor"", ""supported"": [""tile"", ""laminate"", ""smooth concrete"", ""artificial stone"", ""porcelain stoneware""], ""unsupported"": [""carpet"", ""pile coverings""]}";;VERIFIED_OFFICIAL;0.99;Exact MARK 2 SE model page and exact-model rental/FAQ page are official R2B sources.;
src-r2b-mark2se-rent;446c5207-a099-45e0-b615-afd60de08589;R2B / ООО «Р2Б»;MARK 2 SE;specs.aisle_requirements;https://r2b.company/rent;Аренда робота-уборщика Mark 2 SE;R2B / ООО «Р2Б»;official_model_service_page;;2026-09-15;HTML: sections «Покрытие», «Ширина прохода»;Минимальная ширина для проезда — 1,3 метра;1,3 м;1300;mm;VERIFIED_OFFICIAL;0.99;Exact MARK 2 SE model page and exact-model rental/FAQ page are official R2B sources.;m × 1000.
src-r2b-mark2se-page;446c5207-a099-45e0-b615-afd60de08589;R2B / ООО «Р2Б»;MARK 2 SE;specs.charging_requirements;https://r2b.company/mark2se;MARK 2 SE;R2B / ООО «Р2Б»;official_model_page;;2026-09-15;HTML: technical characteristics, base station, support;"Розетка 220 В; сам возвращается на подзарядку; 2 часа";"Розетка 220 В; сам возвращается на подзарядку; 2 часа";"{""base_supply_voltage_V"": 220, ""automatic_return_to_charge"": true, ""full_charge_time_h"": 2}";;VERIFIED_OFFICIAL;0.99;Exact MARK 2 SE model page and exact-model rental/FAQ page are official R2B sources.;"Run-1 composite/paraphrased raw representation moved to notes: 220 В; автоматическая подзарядка; 2 часа"
src-r2b-mark2se-page;446c5207-a099-45e0-b615-afd60de08589;R2B / ООО «Р2Б»;MARK 2 SE;specs.service_requirements;https://r2b.company/mark2se;MARK 2 SE;R2B / ООО «Р2Б»;official_model_page;;2026-09-15;HTML: technical characteristics, base station, support;"95% вопросов удалённо решает диспетчерская; закреплённый сотрудник; собственный склад запчастей";"95% вопросов удалённо решает диспетчерская; закреплённый сотрудник; собственный склад запчастей";"{""remote_resolution_share"": 0.95, ""dedicated_support_contact"": true, ""spare_parts_stock"": true}";;VERIFIED_OFFICIAL;0.98;Exact MARK 2 SE model page and exact-model rental/FAQ page are official R2B sources.;
src-stelkon-pallet-shuttle;eff2586c-892d-4e44-a407-1ec7f06c8f76;Завод Стелкон;Pallet Shuttle;specs.positioning_accuracy;https://www.stelkon.ru/catalog/palletnye-stellazhi/pallet/;Pallet Shuttle — система складского хранения с высокой плотностью;Завод Стелкон;official_product_page;;2026-09-15;HTML: characteristics, construction, control;;;;;NOT_FOUND;0.8;Exact product/system name Pallet Shuttle is used on the official Stelkon product and service pages.;No positioning tolerance published.
src-stelkon-pallet-shuttle;eff2586c-892d-4e44-a407-1ec7f06c8f76;Завод Стелкон;Pallet Shuttle;specs.navigation;https://www.stelkon.ru/catalog/palletnye-stellazhi/pallet/;Pallet Shuttle — система складского хранения с высокой плотностью;Завод Стелкон;official_product_page;;2026-09-15;HTML: characteristics, construction, control;По нижней паре рельсов перемещается радиошаттл;По нижней паре рельсов перемещается радиошаттл;rail-guided within rack channel;;VERIFIED_OFFICIAL;0.98;Exact product/system name Pallet Shuttle is used on the official Stelkon product and service pages.;Run-1 composite/paraphrased raw representation moved to notes: Перемещение по рельсам стеллажной системы
src-stelkon-pallet-shuttle;eff2586c-892d-4e44-a407-1ec7f06c8f76;Завод Стелкон;Pallet Shuttle;specs.surface_requirements;https://www.stelkon.ru/catalog/palletnye-stellazhi/pallet/;Pallet Shuttle — система складского хранения с высокой плотностью;Завод Стелкон;official_product_page;;2026-09-15;HTML: characteristics, construction, control;Стеллаж Pallet Shuttle имеет дополнительную пару рельсов на 20–25 см ниже основных;Стеллаж Pallet Shuttle имеет дополнительную пару рельсов на 20–25 см ниже основных;modified drive-in rack with lower rail pair 200–250 mm below pallet rails;;VERIFIED_OFFICIAL;0.96;Exact product/system name Pallet Shuttle is used on the official Stelkon product and service pages.;
src-stelkon-pallet-shuttle;eff2586c-892d-4e44-a407-1ec7f06c8f76;Завод Стелкон;Pallet Shuttle;specs.aisle_requirements;https://www.stelkon.ru/catalog/palletnye-stellazhi/pallet/;Pallet Shuttle — система складского хранения с высокой плотностью;Завод Стелкон;official_product_page;;2026-09-15;HTML: characteristics, construction, control;;;;;NOT_FOUND;0.8;Exact product/system name Pallet Shuttle is used on the official Stelkon product and service pages.;No minimum aisle width is published for this rack-channel system.
src-stelkon-pallet-shuttle;eff2586c-892d-4e44-a407-1ec7f06c8f76;Завод Стелкон;Pallet Shuttle;specs.charging_requirements;https://www.stelkon.ru/catalog/palletnye-stellazhi/pallet/;Pallet Shuttle — система складского хранения с высокой плотностью;Завод Стелкон;official_product_page;;2026-09-15;HTML: characteristics, construction, control;;;;;NOT_FOUND;0.8;Exact product/system name Pallet Shuttle is used on the official Stelkon product and service pages.;No charging method/time is published on the inspected Stelkon product page.
src-stelkon-pallet-shuttle;eff2586c-892d-4e44-a407-1ec7f06c8f76;Завод Стелкон;Pallet Shuttle;specs.connectivity;https://www.stelkon.ru/catalog/palletnye-stellazhi/pallet/;Pallet Shuttle — система складского хранения с высокой плотностью;Завод Стелкон;official_product_page;;2026-09-15;HTML: characteristics, construction, control;Радиоуправляемая тележка Pallet Shuttle;Радиоуправляемая тележка Pallet Shuttle;radio control (protocol and frequency not published);;VERIFIED_OFFICIAL;0.92;Exact product/system name Pallet Shuttle is used on the official Stelkon product and service pages.;Run-1 composite/paraphrased raw representation moved to notes: радиоуправляемая тележка
src-stelkon-pallet-shuttle;eff2586c-892d-4e44-a407-1ec7f06c8f76;Завод Стелкон;Pallet Shuttle;specs.integrations;https://www.stelkon.ru/catalog/palletnye-stellazhi/pallet/;Pallet Shuttle — система складского хранения с высокой плотностью;Завод Стелкон;official_product_page;;2026-09-15;HTML: characteristics, construction, control;Команды от WMS или EPR заказчика;Команды от WMS или EPR заказчика;"[""WMS"", ""EPR (as published)"", ""manual GUI""]";;VERIFIED_OFFICIAL;0.96;Exact product/system name Pallet Shuttle is used on the official Stelkon product and service pages.;Preserved source spelling 'EPR'. Run-1 composite/paraphrased raw representation moved to notes: WMS / EPR / ручной GUI
src-stelkon-pallet-shuttle-service;eff2586c-892d-4e44-a407-1ec7f06c8f76;Завод Стелкон;Pallet Shuttle;specs.service_requirements;https://www.stelkon.ru/catalog/palletnye-stellazhi/pallet/shuttle/;Сервисное обслуживание радиоуправляемых шаттлов системы Pallet Shuttle;Завод Стелкон;official_service_page;;2026-09-15;HTML: service scope;Ввод в эксплуатацию, настройка, обучение, гарантийный/постгарантийный ремонт, диагностика, плановое ТО, техподдержка, склад запчастей;Ввод в эксплуатацию, настройка, обучение, гарантийный/постгарантийный ремонт, диагностика, плановое ТО, техподдержка, склад запчастей;"[""commissioning"", ""configuration"", ""training"", ""warranty service"", ""post-warranty service"", ""diagnostics"", ""preventive maintenance"", ""phone support"", ""spare parts stock""]";;VERIFIED_OFFICIAL;0.99;Exact product/system name Pallet Shuttle is used on the official Stelkon product and service pages.;
src-stelkon-pallet-shuttle;eff2586c-892d-4e44-a407-1ec7f06c8f76;Завод Стелкон;Pallet Shuttle;specs.availability_rf;https://www.stelkon.ru/catalog/palletnye-stellazhi/pallet/;Pallet Shuttle — система складского хранения с высокой плотностью;Завод Стелкон;official_product_page;;2026-09-15;HTML: characteristics, construction, control;Производитель и поставщик Pallet Shuttle на территории России;Производитель и поставщик Pallet Shuttle на территории России;available from official manufacturer/supplier in Russia;;VERIFIED_OFFICIAL;0.99;Exact product/system name Pallet Shuttle is used on the official Stelkon product and service pages.;Run-1 composite/paraphrased raw representation moved to notes: Эксклюзивный производитель и поставщик ... Pallet Shuttle на территории России
