price_offer_id;organizer_id;original_row;raw_price;normalized_amount;currency;vat_status;included_costs;excluded_costs;price_status;source_file;source_note
price-v4-row-0002;5760e938-9a43-45a7-b8e8-f4f2e6383930;2;2 700 000,00;2700000.00;UNKNOWN;ORGANIZER_ASSUMPTION_INCLUDED;"VAT (assumed by organizer; exact rate not confirmed)";delivery | commissioning/start-up | deep IT integration;"ORGANIZER_RAW_PRICE_NORMALIZED; CURRENCY_NOT_EXPLICIT_IN_ATTACHED_SOURCE";catalog_export_v4.csv;"Decimal comma normalized to decimal point. Amount preserved per original row; duplicate prices are not merged."
price-v4-row-0003;3f2aaa1b-2237-4d7b-b215-1ac5ec789ed5;3;950 000,00;950000.00;UNKNOWN;ORGANIZER_ASSUMPTION_INCLUDED;"VAT (assumed by organizer; exact rate not confirmed)";delivery | commissioning/start-up | deep IT integration;"ORGANIZER_RAW_PRICE_NORMALIZED; CURRENCY_NOT_EXPLICIT_IN_ATTACHED_SOURCE";catalog_export_v4.csv;"Decimal comma normalized to decimal point. Amount preserved per original row; duplicate prices are not merged."
price-v4-row-0004;6f3da854-41da-4363-8496-5487f37c845a;4;2 640 000,00;2640000.00;UNKNOWN;ORGANIZER_ASSUMPTION_INCLUDED;"VAT (assumed by organizer; exact rate not confirmed)";delivery | commissioning/start-up | deep IT integration;"ORGANIZER_RAW_PRICE_NORMALIZED; CURRENCY_NOT_EXPLICIT_IN_ATTACHED_SOURCE";catalog_export_v4.csv;"Decimal comma normalized to decimal point. Amount preserved per original row; duplicate prices are not merged."
price-v4-row-0005;66d8e7ad-cdcd-4287-afb0-e2afa9ef5217;5;1 400 000,00;1400000.00;UNKNOWN;ORGANIZER_ASSUMPTION_INCLUDED;"VAT (assumed by organizer; exact rate not confirmed)";delivery | commissioning/start-up | deep IT integration;"ORGANIZER_RAW_PRICE_NORMALIZED; CURRENCY_NOT_EXPLICIT_IN_ATTACHED_SOURCE";catalog_export_v4.csv;"Decimal comma normalized to decimal point. Amount preserved per original row; duplicate prices are not merged."
price-v4-row-0006;dcfd9975-81eb-49b5-a422-827a720ba582;6;2 400 000,00;2400000.00;UNKNOWN;ORGANIZER_ASSUMPTION_INCLUDED;"VAT (assumed by organizer; exact rate not confirmed)";delivery | commissioning/start-up | deep IT integration;"ORGANIZER_RAW_PRICE_NORMALIZED; CURRENCY_NOT_EXPLICIT_IN_ATTACHED_SOURCE";catalog_export_v4.csv;"Decimal comma normalized to decimal point. Amount preserved per original row; duplicate prices are not merged."
price-v4-row-0007;4d347e47-38f9-415b-aae1-7a6d3759a75c;7;2 000 000,00;2000000.00;UNKNOWN;ORGANIZER_ASSUMPTION_INCLUDED;"VAT (assumed by organizer; exact rate not confirmed)";delivery | commissioning/start-up | deep IT integration;"ORGANIZER_RAW_PRICE_NORMALIZED; CURRENCY_NOT_EXPLICIT_IN_ATTACHED_SOURCE";catalog_export_v4.csv;"Decimal comma normalized to decimal point. Amount preserved per original row; duplicate prices are not merged."
price-v4-row-0008;89ffd69f-f07b-4bf2-8023-1fd765a2b6ff;8;1 500 000,00;1500000.00;UNKNOWN;ORGANIZER_ASSUMPTION_INCLUDED;"VAT (assumed by organizer; exact rate not confirmed)";delivery | commissioning/start-up | deep IT integration;"ORGANIZER_RAW_PRICE_NORMALIZED; CURRENCY_NOT_EXPLICIT_IN_ATTACHED_SOURCE";catalog_export_v4.csv;"Decimal comma normalized to decimal point. Amount preserved per original row; duplicate prices are not merged."
price-v4-row-0009;5ec66969-8fcc-47b3-b517-a9c29372fffe;9;1 800 000,00;1800000.00;UNKNOWN;ORGANIZER_ASSUMPTION_INCLUDED;"VAT (assumed by organizer; exact rate not confirmed)";delivery | commissioning/start-up | deep IT integration;"ORGANIZER_RAW_PRICE_NORMALIZED; CURRENCY_NOT_EXPLICIT_IN_ATTACHED_SOURCE";catalog_export_v4.csv;"Decimal comma normalized to decimal point. Amount preserved per original row; duplicate prices are not merged."
price-v4-row-0010;7d5a76d2-7bf3-4a40-b6f7-64590d4d9273;10;2 200 000,00;2200000.00;UNKNOWN;ORGANIZER_ASSUMPTION_INCLUDED;"VAT (assumed by organizer; exact rate not confirmed)";delivery | commissioning/start-up | deep IT integration;"ORGANIZER_RAW_PRICE_NORMALIZED; CURRENCY_NOT_EXPLICIT_IN_ATTACHED_SOURCE";catalog_export_v4.csv;"Decimal comma normalized to decimal point. Amount preserved per original row; duplicate prices are not merged."
price-v4-row-0011;cccd0c0d-8ae7-435d-a171-45f5d82886e6;11;4 000 000,00;4000000.00;UNKNOWN;ORGANIZER_ASSUMPTION_INCLUDED;"VAT (assumed by organizer; exact rate not confirmed)";delivery | commissioning/start-up | deep IT integration;"ORGANIZER_RAW_PRICE_NORMALIZED; CURRENCY_NOT_EXPLICIT_IN_ATTACHED_SOURCE";catalog_export_v4.csv;"Decimal comma normalized to decimal point. Amount preserved per original row; duplicate prices are not merged."
price-v4-row-0012;be814758-3616-4b94-befa-9848be2ac604;12;3 750 000,00;3750000.00;UNKNOWN;ORGANIZER_ASSUMPTION_INCLUDED;"VAT (assumed by organizer; exact rate not confirmed)";delivery | commissioning/start-up | deep IT integration;"ORGANIZER_RAW_PRICE_NORMALIZED; CURRENCY_NOT_EXPLICIT_IN_ATTACHED_SOURCE";catalog_export_v4.csv;"Decimal comma normalized to decimal point. Amount preserved per original row; duplicate prices are not merged."
price-v4-row-0013;993d980e-8b91-45e0-9c98-50ffab6e11e4;13;2 500 000,00;2500000.00;UNKNOWN;ORGANIZER_ASSUMPTION_INCLUDED;"VAT (assumed by organizer; exact rate not confirmed)";delivery | commissioning/start-up | deep IT integration;"ORGANIZER_RAW_PRICE_NORMALIZED; CURRENCY_NOT_EXPLICIT_IN_ATTACHED_SOURCE";catalog_export_v4.csv;"Decimal comma normalized to decimal point. Amount preserved per original row; duplicate prices are not merged."
price-v4-row-0014;f7634ef8-0034-4c5b-b2f0-e44a14f05a76;14;4 300 000,00;4300000.00;UNKNOWN;ORGANIZER_ASSUMPTION_INCLUDED;"VAT (assumed by organizer; exact rate not confirmed)";delivery | commissioning/start-up | deep IT integration;"ORGANIZER_RAW_PRICE_NORMALIZED; CURRENCY_NOT_EXPLICIT_IN_ATTACHED_SOURCE";catalog_export_v4.csv;"Decimal comma normalized to decimal point. Amount preserved per original row; duplicate prices are not merged."
price-v4-row-0015;5a36611d-033e-4893-bd49-5d4f776f57dd;15;2 940 000,00;2940000.00;UNKNOWN;ORGANIZER_ASSUMPTION_INCLUDED;"VAT (assumed by organizer; exact rate not confirmed)";delivery | commissioning/start-up | deep IT integration;"ORGANIZER_RAW_PRICE_NORMALIZED; CURRENCY_NOT_EXPLICIT_IN_ATTACHED_SOURCE";catalog_export_v4.csv;"Decimal comma normalized to decimal point. Amount preserved per original row; duplicate prices are not merged."
price-v4-row-0016;2ffc706d-fe43-4c2b-baad-a624a95ad3ce;16;2 500 000,00;2500000.00;UNKNOWN;ORGANIZER_ASSUMPTION_INCLUDED;"VAT (assumed by organizer; exact rate not confirmed)";delivery | commissioning/start-up | deep IT integration;"ORGANIZER_RAW_PRICE_NORMALIZED; CURRENCY_NOT_EXPLICIT_IN_ATTACHED_SOURCE";catalog_export_v4.csv;"Decimal comma normalized to decimal point. Amount preserved per original row; duplicate prices are not merged."
price-v4-row-0017;b4a9ef38-b68a-4c0f-8512-9bc9a718c4e1;17;2 500 000,00;2500000.00;UNKNOWN;ORGANIZER_ASSUMPTION_INCLUDED;"VAT (assumed by organizer; exact rate not confirmed)";delivery | commissioning/start-up | deep IT integration;"ORGANIZER_RAW_PRICE_NORMALIZED; CURRENCY_NOT_EXPLICIT_IN_ATTACHED_SOURCE";catalog_export_v4.csv;"Decimal comma normalized to decimal point. Amount preserved per original row; duplicate prices are not merged."
price-v4-row-0018;0ece582a-084c-4a8b-99f4-576f0e01b7c8;18;2 700 000,00;2700000.00;UNKNOWN;ORGANIZER_ASSUMPTION_INCLUDED;"VAT (assumed by organizer; exact rate not confirmed)";delivery | commissioning/start-up | deep IT integration;"ORGANIZER_RAW_PRICE_NORMALIZED; CURRENCY_NOT_EXPLICIT_IN_ATTACHED_SOURCE";catalog_export_v4.csv;"Decimal comma normalized to decimal point. Amount preserved per original row; duplicate prices are not merged."
price-v4-row-0019;19a68304-56f7-432f-afd8-b97b2b8466ba;19;3 000 000,00;3000000.00;UNKNOWN;ORGANIZER_ASSUMPTION_INCLUDED;"VAT (assumed by organizer; exact rate not confirmed)";delivery | commissioning/start-up | deep IT integration;"ORGANIZER_RAW_PRICE_NORMALIZED; CURRENCY_NOT_EXPLICIT_IN_ATTACHED_SOURCE";catalog_export_v4.csv;"Decimal comma normalized to decimal point. Amount preserved per original row; duplicate prices are not merged."
price-v4-row-0020;ecd7d582-b342-449a-b43b-66288d159a32;20;3 000 000,00;3000000.00;UNKNOWN;ORGANIZER_ASSUMPTION_INCLUDED;"VAT (assumed by organizer; exact rate not confirmed)";delivery | commissioning/start-up | deep IT integration;"ORGANIZER_RAW_PRICE_NORMALIZED; CURRENCY_NOT_EXPLICIT_IN_ATTACHED_SOURCE";catalog_export_v4.csv;"Decimal comma normalized to decimal point. Amount preserved per original row; duplicate prices are not merged."
price-v4-row-0021;e8960183-1828-4fdb-8c39-91f5a3523a96;21;2 200 000,00;2200000.00;UNKNOWN;ORGANIZER_ASSUMPTION_INCLUDED;"VAT (assumed by organizer; exact rate not confirmed)";delivery | commissioning/start-up | deep IT integration;"ORGANIZER_RAW_PRICE_NORMALIZED; CURRENCY_NOT_EXPLICIT_IN_ATTACHED_SOURCE";catalog_export_v4.csv;"Decimal comma normalized to decimal point. Amount preserved per original row; duplicate prices are not merged."
price-v4-row-0022;446c5207-a099-45e0-b615-afd60de08589;22;1 900 000,00;1900000.00;UNKNOWN;ORGANIZER_ASSUMPTION_INCLUDED;"VAT (assumed by organizer; exact rate not confirmed)";delivery | commissioning/start-up | deep IT integration;"ORGANIZER_RAW_PRICE_NORMALIZED; CURRENCY_NOT_EXPLICIT_IN_ATTACHED_SOURCE";catalog_export_v4.csv;"Decimal comma normalized to decimal point. Amount preserved per original row; duplicate prices are not merged."
price-v4-row-0023;e2095cfe-3ce4-404e-a4bb-2f378480d7ca;23;4 056 000,00;4056000.00;UNKNOWN;ORGANIZER_ASSUMPTION_INCLUDED;"VAT (assumed by organizer; exact rate not confirmed)";delivery | commissioning/start-up | deep IT integration;"ORGANIZER_RAW_PRICE_NORMALIZED; CURRENCY_NOT_EXPLICIT_IN_ATTACHED_SOURCE";catalog_export_v4.csv;"Decimal comma normalized to decimal point. Amount preserved per original row; duplicate prices are not merged."
price-v4-row-0024;f31223c1-44c8-4410-8381-6356e2158b61;24;1 500 000,00;1500000.00;UNKNOWN;ORGANIZER_ASSUMPTION_INCLUDED;"VAT (assumed by organizer; exact rate not confirmed)";delivery | commissioning/start-up | deep IT integration;"ORGANIZER_RAW_PRICE_NORMALIZED; CURRENCY_NOT_EXPLICIT_IN_ATTACHED_SOURCE";catalog_export_v4.csv;"Decimal comma normalized to decimal point. Amount preserved per original row; duplicate prices are not merged."
price-v4-row-0025;5a5b3599-bd64-4330-9bbb-4f8ce7d780b9;25;2 310 000,00;2310000.00;UNKNOWN;ORGANIZER_ASSUMPTION_INCLUDED;"VAT (assumed by organizer; exact rate not confirmed)";delivery | commissioning/start-up | deep IT integration;"ORGANIZER_RAW_PRICE_NORMALIZED; CURRENCY_NOT_EXPLICIT_IN_ATTACHED_SOURCE";catalog_export_v4.csv;"Decimal comma normalized to decimal point. Amount preserved per original row; duplicate prices are not merged."
price-v4-row-0026;9b20417a-0ac7-4786-985b-f3459a15075d;26;2 300 000,00;2300000.00;UNKNOWN;ORGANIZER_ASSUMPTION_INCLUDED;"VAT (assumed by organizer; exact rate not confirmed)";delivery | commissioning/start-up | deep IT integration;"ORGANIZER_RAW_PRICE_NORMALIZED; CURRENCY_NOT_EXPLICIT_IN_ATTACHED_SOURCE";catalog_export_v4.csv;"Decimal comma normalized to decimal point. Amount preserved per original row; duplicate prices are not merged."
price-v4-row-0027;ce44017e-6ada-421d-bbce-6869b33c2cda;27;2 000 000,00;2000000.00;UNKNOWN;ORGANIZER_ASSUMPTION_INCLUDED;"VAT (assumed by organizer; exact rate not confirmed)";delivery | commissioning/start-up | deep IT integration;"ORGANIZER_RAW_PRICE_NORMALIZED; CURRENCY_NOT_EXPLICIT_IN_ATTACHED_SOURCE";catalog_export_v4.csv;"Decimal comma normalized to decimal point. Amount preserved per original row; duplicate prices are not merged."
price-v4-row-0028;fceeacf0-579f-46cc-92ff-2057fea5da7f;28;2 000 000,00;2000000.00;UNKNOWN;ORGANIZER_ASSUMPTION_INCLUDED;"VAT (assumed by organizer; exact rate not confirmed)";delivery | commissioning/start-up | deep IT integration;"ORGANIZER_RAW_PRICE_NORMALIZED; CURRENCY_NOT_EXPLICIT_IN_ATTACHED_SOURCE";catalog_export_v4.csv;"Decimal comma normalized to decimal point. Amount preserved per original row; duplicate prices are not merged."
price-v4-row-0029;cebbdfa8-500a-425f-bcbc-ad2dcc106539;29;10 000 000,00;10000000.00;UNKNOWN;ORGANIZER_ASSUMPTION_INCLUDED;"VAT (assumed by organizer; exact rate not confirmed)";delivery | commissioning/start-up | deep IT integration;"ORGANIZER_RAW_PRICE_NORMALIZED; CURRENCY_NOT_EXPLICIT_IN_ATTACHED_SOURCE";catalog_export_v4.csv;"Decimal comma normalized to decimal point. Amount preserved per original row; duplicate prices are not merged."
price-v4-row-0030;c125ce9a-8f04-4183-a136-5ddbb3c5ae89;30;10 000 000,00;10000000.00;UNKNOWN;ORGANIZER_ASSUMPTION_INCLUDED;"VAT (assumed by organizer; exact rate not confirmed)";delivery | commissioning/start-up | deep IT integration;"ORGANIZER_RAW_PRICE_NORMALIZED; CURRENCY_NOT_EXPLICIT_IN_ATTACHED_SOURCE";catalog_export_v4.csv;"Decimal comma normalized to decimal point. Amount preserved per original row; duplicate prices are not merged."
price-v4-row-0031;eff2586c-892d-4e44-a407-1ec7f06c8f76;31;7 000 000,00;7000000.00;UNKNOWN;ORGANIZER_ASSUMPTION_INCLUDED;"VAT (assumed by organizer; exact rate not confirmed)";delivery | commissioning/start-up | deep IT integration;"ORGANIZER_RAW_PRICE_NORMALIZED; CURRENCY_NOT_EXPLICIT_IN_ATTACHED_SOURCE";catalog_export_v4.csv;"Decimal comma normalized to decimal point. Amount preserved per original row; duplicate prices are not merged."
price-v4-row-0032;c3d39a80-5fb9-42d3-82ae-0696fb647128;32;2 500 000,00;2500000.00;UNKNOWN;ORGANIZER_ASSUMPTION_INCLUDED;"VAT (assumed by organizer; exact rate not confirmed)";delivery | commissioning/start-up | deep IT integration;"ORGANIZER_RAW_PRICE_NORMALIZED; CURRENCY_NOT_EXPLICIT_IN_ATTACHED_SOURCE";catalog_export_v4.csv;"Decimal comma normalized to decimal point. Amount preserved per original row; duplicate prices are not merged."
price-v4-row-0033;c87a27d2-065f-4b82-9ccc-91078a56ef15;33;2 600 000,00;2600000.00;UNKNOWN;ORGANIZER_ASSUMPTION_INCLUDED;"VAT (assumed by organizer; exact rate not confirmed)";delivery | commissioning/start-up | deep IT integration;"ORGANIZER_RAW_PRICE_NORMALIZED; CURRENCY_NOT_EXPLICIT_IN_ATTACHED_SOURCE";catalog_export_v4.csv;"Decimal comma normalized to decimal point. Amount preserved per original row; duplicate prices are not merged."
price-v4-row-0034;05505022-3ef7-43da-8279-718e7c432491;34;1 000 000,00;1000000.00;UNKNOWN;ORGANIZER_ASSUMPTION_INCLUDED;"VAT (assumed by organizer; exact rate not confirmed)";delivery | commissioning/start-up | deep IT integration;"ORGANIZER_RAW_PRICE_NORMALIZED; CURRENCY_NOT_EXPLICIT_IN_ATTACHED_SOURCE";catalog_export_v4.csv;"Decimal comma normalized to decimal point. Amount preserved per original row; duplicate prices are not merged."
price-v4-row-0035;a556b956-a781-4c38-9fc8-7daeca279b59;35;1 000 000,00;1000000.00;UNKNOWN;ORGANIZER_ASSUMPTION_INCLUDED;"VAT (assumed by organizer; exact rate not confirmed)";delivery | commissioning/start-up | deep IT integration;"ORGANIZER_RAW_PRICE_NORMALIZED; CURRENCY_NOT_EXPLICIT_IN_ATTACHED_SOURCE";catalog_export_v4.csv;"Decimal comma normalized to decimal point. Amount preserved per original row; duplicate prices are not merged."
price-v4-row-0036;9dfb0b55-4d9e-47fc-8a28-ad4390147a26;36;2 000 000,00;2000000.00;UNKNOWN;ORGANIZER_ASSUMPTION_INCLUDED;"VAT (assumed by organizer; exact rate not confirmed)";delivery | commissioning/start-up | deep IT integration;"ORGANIZER_RAW_PRICE_NORMALIZED; CURRENCY_NOT_EXPLICIT_IN_ATTACHED_SOURCE";catalog_export_v4.csv;"Decimal comma normalized to decimal point. Amount preserved per original row; duplicate prices are not merged."
price-v4-row-0037;242d637c-6512-4bdf-9964-2c0010259f36;37;2 600 000,00;2600000.00;UNKNOWN;ORGANIZER_ASSUMPTION_INCLUDED;"VAT (assumed by organizer; exact rate not confirmed)";delivery | commissioning/start-up | deep IT integration;"ORGANIZER_RAW_PRICE_NORMALIZED; CURRENCY_NOT_EXPLICIT_IN_ATTACHED_SOURCE";catalog_export_v4.csv;"Decimal comma normalized to decimal point. Amount preserved per original row; duplicate prices are not merged."
price-v4-row-0038;db02c054-a08a-4ddf-a957-6137eeef93ba;38;700 000,00;700000.00;UNKNOWN;ORGANIZER_ASSUMPTION_INCLUDED;"VAT (assumed by organizer; exact rate not confirmed)";delivery | commissioning/start-up | deep IT integration;"ORGANIZER_RAW_PRICE_NORMALIZED; CURRENCY_NOT_EXPLICIT_IN_ATTACHED_SOURCE";catalog_export_v4.csv;"Decimal comma normalized to decimal point. Amount preserved per original row; duplicate prices are not merged."
price-v4-row-0039;fbd349c2-88c1-412f-95c2-96a8383217ed;39;1 800 000,00;1800000.00;UNKNOWN;ORGANIZER_ASSUMPTION_INCLUDED;"VAT (assumed by organizer; exact rate not confirmed)";delivery | commissioning/start-up | deep IT integration;"ORGANIZER_RAW_PRICE_NORMALIZED; CURRENCY_NOT_EXPLICIT_IN_ATTACHED_SOURCE";catalog_export_v4.csv;"Decimal comma normalized to decimal point. Amount preserved per original row; duplicate prices are not merged."
price-v4-row-0040;fade5829-1946-4cf6-a0e6-8f8381d64312;40;4 265 395,00;4265395.00;UNKNOWN;ORGANIZER_ASSUMPTION_INCLUDED;"VAT (assumed by organizer; exact rate not confirmed)";delivery | commissioning/start-up | deep IT integration;"ORGANIZER_RAW_PRICE_NORMALIZED; CURRENCY_NOT_EXPLICIT_IN_ATTACHED_SOURCE";catalog_export_v4.csv;"Decimal comma normalized to decimal point. Amount preserved per original row; duplicate prices are not merged."
price-v4-row-0041;80c41c98-283d-4a29-8fce-4b9e6a1afce3;41;15 000 000,00;15000000.00;UNKNOWN;ORGANIZER_ASSUMPTION_INCLUDED;"VAT (assumed by organizer; exact rate not confirmed)";delivery | commissioning/start-up | deep IT integration;"ORGANIZER_RAW_PRICE_NORMALIZED; CURRENCY_NOT_EXPLICIT_IN_ATTACHED_SOURCE";catalog_export_v4.csv;"Decimal comma normalized to decimal point. Amount preserved per original row; duplicate prices are not merged."
price-v4-row-0042;a9c720bc-e618-4dcc-90e1-990c5a3d1ae2;42;7 000 000,00;7000000.00;UNKNOWN;ORGANIZER_ASSUMPTION_INCLUDED;"VAT (assumed by organizer; exact rate not confirmed)";delivery | commissioning/start-up | deep IT integration;"ORGANIZER_RAW_PRICE_NORMALIZED; CURRENCY_NOT_EXPLICIT_IN_ATTACHED_SOURCE";catalog_export_v4.csv;"Decimal comma normalized to decimal point. Amount preserved per original row; duplicate prices are not merged."
price-v4-row-0043;c70f67e1-8f70-4dff-a4e2-584f0ebaefa1;43;7 000 000,00;7000000.00;UNKNOWN;ORGANIZER_ASSUMPTION_INCLUDED;"VAT (assumed by organizer; exact rate not confirmed)";delivery | commissioning/start-up | deep IT integration;"ORGANIZER_RAW_PRICE_NORMALIZED; CURRENCY_NOT_EXPLICIT_IN_ATTACHED_SOURCE";catalog_export_v4.csv;"Decimal comma normalized to decimal point. Amount preserved per original row; duplicate prices are not merged."
price-v4-row-0044;1615bcc8-7168-48b2-b2d3-99a9b89f54c0;44;5 000 000,00;5000000.00;UNKNOWN;ORGANIZER_ASSUMPTION_INCLUDED;"VAT (assumed by organizer; exact rate not confirmed)";delivery | commissioning/start-up | deep IT integration;"ORGANIZER_RAW_PRICE_NORMALIZED; CURRENCY_NOT_EXPLICIT_IN_ATTACHED_SOURCE";catalog_export_v4.csv;"Decimal comma normalized to decimal point. Amount preserved per original row; duplicate prices are not merged."
price-v4-row-0045;7cd0705f-0615-4abd-9c1d-00ff384ffb51;45;2 800 000,00;2800000.00;UNKNOWN;ORGANIZER_ASSUMPTION_INCLUDED;"VAT (assumed by organizer; exact rate not confirmed)";delivery | commissioning/start-up | deep IT integration;"ORGANIZER_RAW_PRICE_NORMALIZED; CURRENCY_NOT_EXPLICIT_IN_ATTACHED_SOURCE";catalog_export_v4.csv;"Decimal comma normalized to decimal point. Amount preserved per original row; duplicate prices are not merged."
price-v4-row-0046;4dc9e1a3-441b-440c-931c-8011f7869dcf;46;4 500 000,00;4500000.00;UNKNOWN;ORGANIZER_ASSUMPTION_INCLUDED;"VAT (assumed by organizer; exact rate not confirmed)";delivery | commissioning/start-up | deep IT integration;"ORGANIZER_RAW_PRICE_NORMALIZED; CURRENCY_NOT_EXPLICIT_IN_ATTACHED_SOURCE";catalog_export_v4.csv;"Decimal comma normalized to decimal point. Amount preserved per original row; duplicate prices are not merged."
price-v4-row-0047;69437741-0523-499a-820a-cb375c1bf1ca;47;7 800 000,00;7800000.00;UNKNOWN;ORGANIZER_ASSUMPTION_INCLUDED;"VAT (assumed by organizer; exact rate not confirmed)";delivery | commissioning/start-up | deep IT integration;"ORGANIZER_RAW_PRICE_NORMALIZED; CURRENCY_NOT_EXPLICIT_IN_ATTACHED_SOURCE";catalog_export_v4.csv;"Decimal comma normalized to decimal point. Amount preserved per original row; duplicate prices are not merged."
price-v4-row-0048;644aaab9-6ce1-4639-a60a-ed753f8bd589;48;6 000 000,00;6000000.00;UNKNOWN;ORGANIZER_ASSUMPTION_INCLUDED;"VAT (assumed by organizer; exact rate not confirmed)";delivery | commissioning/start-up | deep IT integration;"ORGANIZER_RAW_PRICE_NORMALIZED; CURRENCY_NOT_EXPLICIT_IN_ATTACHED_SOURCE";catalog_export_v4.csv;"Decimal comma normalized to decimal point. Amount preserved per original row; duplicate prices are not merged."
price-v4-row-0049;cdf80f5b-c60a-447b-af30-2c8a44480f98;49;1 200 000,00;1200000.00;UNKNOWN;ORGANIZER_ASSUMPTION_INCLUDED;"VAT (assumed by organizer; exact rate not confirmed)";delivery | commissioning/start-up | deep IT integration;"ORGANIZER_RAW_PRICE_NORMALIZED; CURRENCY_NOT_EXPLICIT_IN_ATTACHED_SOURCE";catalog_export_v4.csv;"Decimal comma normalized to decimal point. Amount preserved per original row; duplicate prices are not merged."
price-v4-row-0050;0a4cab58-e194-4329-8f23-6074a5f7455f;50;2 500 000,00;2500000.00;UNKNOWN;ORGANIZER_ASSUMPTION_INCLUDED;"VAT (assumed by organizer; exact rate not confirmed)";delivery | commissioning/start-up | deep IT integration;"ORGANIZER_RAW_PRICE_NORMALIZED; CURRENCY_NOT_EXPLICIT_IN_ATTACHED_SOURCE";catalog_export_v4.csv;"Decimal comma normalized to decimal point. Amount preserved per original row; duplicate prices are not merged."
price-v4-row-0051;72acd18d-325d-4a3e-9472-093ecdcdbb4b;51;2 500 000,00;2500000.00;UNKNOWN;ORGANIZER_ASSUMPTION_INCLUDED;"VAT (assumed by organizer; exact rate not confirmed)";delivery | commissioning/start-up | deep IT integration;"ORGANIZER_RAW_PRICE_NORMALIZED; CURRENCY_NOT_EXPLICIT_IN_ATTACHED_SOURCE";catalog_export_v4.csv;"Decimal comma normalized to decimal point. Amount preserved per original row; duplicate prices are not merged."
price-v4-row-0052;0f4d3500-ce64-4525-a1c1-bfb542c022d3;52;3 500 000,00;3500000.00;UNKNOWN;ORGANIZER_ASSUMPTION_INCLUDED;"VAT (assumed by organizer; exact rate not confirmed)";delivery | commissioning/start-up | deep IT integration;"ORGANIZER_RAW_PRICE_NORMALIZED; CURRENCY_NOT_EXPLICIT_IN_ATTACHED_SOURCE";catalog_export_v4.csv;"Decimal comma normalized to decimal point. Amount preserved per original row; duplicate prices are not merged."
price-v4-row-0053;d6f3eec1-61c1-40ac-98b1-0f5d80877cb7;53;6 800 000,00;6800000.00;UNKNOWN;ORGANIZER_ASSUMPTION_INCLUDED;"VAT (assumed by organizer; exact rate not confirmed)";delivery | commissioning/start-up | deep IT integration;"ORGANIZER_RAW_PRICE_NORMALIZED; CURRENCY_NOT_EXPLICIT_IN_ATTACHED_SOURCE";catalog_export_v4.csv;"Decimal comma normalized to decimal point. Amount preserved per original row; duplicate prices are not merged."
price-v4-row-0054;7cd137fa-d946-4603-9ef3-e36914001ae8;54;3 500 000,00;3500000.00;UNKNOWN;ORGANIZER_ASSUMPTION_INCLUDED;"VAT (assumed by organizer; exact rate not confirmed)";delivery | commissioning/start-up | deep IT integration;"ORGANIZER_RAW_PRICE_NORMALIZED; CURRENCY_NOT_EXPLICIT_IN_ATTACHED_SOURCE";catalog_export_v4.csv;"Decimal comma normalized to decimal point. Amount preserved per original row; duplicate prices are not merged."
price-v4-row-0055;eb72e89f-014f-4583-903c-c03be3bcfa1d;55;3 500 000,00;3500000.00;UNKNOWN;ORGANIZER_ASSUMPTION_INCLUDED;"VAT (assumed by organizer; exact rate not confirmed)";delivery | commissioning/start-up | deep IT integration;"ORGANIZER_RAW_PRICE_NORMALIZED; CURRENCY_NOT_EXPLICIT_IN_ATTACHED_SOURCE";catalog_export_v4.csv;"Decimal comma normalized to decimal point. Amount preserved per original row; duplicate prices are not merged."
price-v4-row-0056;8a0e653f-b151-46b9-8195-ab8c275a8007;56;3 500 000,00;3500000.00;UNKNOWN;ORGANIZER_ASSUMPTION_INCLUDED;"VAT (assumed by organizer; exact rate not confirmed)";delivery | commissioning/start-up | deep IT integration;"ORGANIZER_RAW_PRICE_NORMALIZED; CURRENCY_NOT_EXPLICIT_IN_ATTACHED_SOURCE";catalog_export_v4.csv;"Decimal comma normalized to decimal point. Amount preserved per original row; duplicate prices are not merged."
price-v4-row-0057;1906efb4-3ed1-4882-ad33-2a527ef214ac;57;2 500 000,00;2500000.00;UNKNOWN;ORGANIZER_ASSUMPTION_INCLUDED;"VAT (assumed by organizer; exact rate not confirmed)";delivery | commissioning/start-up | deep IT integration;"ORGANIZER_RAW_PRICE_NORMALIZED; CURRENCY_NOT_EXPLICIT_IN_ATTACHED_SOURCE";catalog_export_v4.csv;"Decimal comma normalized to decimal point. Amount preserved per original row; duplicate prices are not merged."
price-v4-row-0058;50005fcd-0788-4d5a-b133-bdb2f8ee0863;58;2 500 000,00;2500000.00;UNKNOWN;ORGANIZER_ASSUMPTION_INCLUDED;"VAT (assumed by organizer; exact rate not confirmed)";delivery | commissioning/start-up | deep IT integration;"ORGANIZER_RAW_PRICE_NORMALIZED; CURRENCY_NOT_EXPLICIT_IN_ATTACHED_SOURCE";catalog_export_v4.csv;"Decimal comma normalized to decimal point. Amount preserved per original row; duplicate prices are not merged."
price-v4-row-0059;ce44017e-6ada-421d-bbce-6869b33c2cda;59;2 500 000,00;2500000.00;UNKNOWN;ORGANIZER_ASSUMPTION_INCLUDED;"VAT (assumed by organizer; exact rate not confirmed)";delivery | commissioning/start-up | deep IT integration;"ORGANIZER_RAW_PRICE_NORMALIZED; CURRENCY_NOT_EXPLICIT_IN_ATTACHED_SOURCE";catalog_export_v4.csv;"Decimal comma normalized to decimal point. Amount preserved per original row; duplicate prices are not merged."
price-v4-row-0060;b6b87828-0604-4874-8ea9-46c513840c23;60;2 500 000,00;2500000.00;UNKNOWN;ORGANIZER_ASSUMPTION_INCLUDED;"VAT (assumed by organizer; exact rate not confirmed)";delivery | commissioning/start-up | deep IT integration;"ORGANIZER_RAW_PRICE_NORMALIZED; CURRENCY_NOT_EXPLICIT_IN_ATTACHED_SOURCE";catalog_export_v4.csv;"Decimal comma normalized to decimal point. Amount preserved per original row; duplicate prices are not merged."
price-v4-row-0061;fceeacf0-579f-46cc-92ff-2057fea5da7f;61;2 500 000,00;2500000.00;UNKNOWN;ORGANIZER_ASSUMPTION_INCLUDED;"VAT (assumed by organizer; exact rate not confirmed)";delivery | commissioning/start-up | deep IT integration;"ORGANIZER_RAW_PRICE_NORMALIZED; CURRENCY_NOT_EXPLICIT_IN_ATTACHED_SOURCE";catalog_export_v4.csv;"Decimal comma normalized to decimal point. Amount preserved per original row; duplicate prices are not merged."
price-v4-row-0062;e11fd28e-58be-448d-b32d-236e4de8d6d8;62;9 400 000,00;9400000.00;UNKNOWN;ORGANIZER_ASSUMPTION_INCLUDED;"VAT (assumed by organizer; exact rate not confirmed)";delivery | commissioning/start-up | deep IT integration;"ORGANIZER_RAW_PRICE_NORMALIZED; CURRENCY_NOT_EXPLICIT_IN_ATTACHED_SOURCE";catalog_export_v4.csv;"Decimal comma normalized to decimal point. Amount preserved per original row; duplicate prices are not merged."
price-v4-row-0063;92c20e09-7763-4649-bc50-11381fe2818c;63;8 000 000,00;8000000.00;UNKNOWN;ORGANIZER_ASSUMPTION_INCLUDED;"VAT (assumed by organizer; exact rate not confirmed)";delivery | commissioning/start-up | deep IT integration;"ORGANIZER_RAW_PRICE_NORMALIZED; CURRENCY_NOT_EXPLICIT_IN_ATTACHED_SOURCE";catalog_export_v4.csv;"Decimal comma normalized to decimal point. Amount preserved per original row; duplicate prices are not merged."
price-v4-row-0064;a83abbfd-78ee-43dc-9111-f51db4938001;64;10 800 000,00;10800000.00;UNKNOWN;ORGANIZER_ASSUMPTION_INCLUDED;"VAT (assumed by organizer; exact rate not confirmed)";delivery | commissioning/start-up | deep IT integration;"ORGANIZER_RAW_PRICE_NORMALIZED; CURRENCY_NOT_EXPLICIT_IN_ATTACHED_SOURCE";catalog_export_v4.csv;"Decimal comma normalized to decimal point. Amount preserved per original row; duplicate prices are not merged."
price-v4-row-0065;be814758-3616-4b94-befa-9848be2ac604;65;3 750 000,00;3750000.00;UNKNOWN;ORGANIZER_ASSUMPTION_INCLUDED;"VAT (assumed by organizer; exact rate not confirmed)";delivery | commissioning/start-up | deep IT integration;"ORGANIZER_RAW_PRICE_NORMALIZED; CURRENCY_NOT_EXPLICIT_IN_ATTACHED_SOURCE";catalog_export_v4.csv;"Decimal comma normalized to decimal point. Amount preserved per original row; duplicate prices are not merged."
price-v4-row-0066;5b43b013-3a2e-42ca-9013-33d0a9c39b05;66;4 500 000,00;4500000.00;UNKNOWN;ORGANIZER_ASSUMPTION_INCLUDED;"VAT (assumed by organizer; exact rate not confirmed)";delivery | commissioning/start-up | deep IT integration;"ORGANIZER_RAW_PRICE_NORMALIZED; CURRENCY_NOT_EXPLICIT_IN_ATTACHED_SOURCE";catalog_export_v4.csv;"Decimal comma normalized to decimal point. Amount preserved per original row; duplicate prices are not merged."
price-v4-row-0067;5760e938-9a43-45a7-b8e8-f4f2e6383930;67;2 700 000,00;2700000.00;UNKNOWN;ORGANIZER_ASSUMPTION_INCLUDED;"VAT (assumed by organizer; exact rate not confirmed)";delivery | commissioning/start-up | deep IT integration;"ORGANIZER_RAW_PRICE_NORMALIZED; CURRENCY_NOT_EXPLICIT_IN_ATTACHED_SOURCE";catalog_export_v4.csv;"Decimal comma normalized to decimal point. Amount preserved per original row; duplicate prices are not merged."
price-v4-row-0068;6f3da854-41da-4363-8496-5487f37c845a;68;2 640 000,00;2640000.00;UNKNOWN;ORGANIZER_ASSUMPTION_INCLUDED;"VAT (assumed by organizer; exact rate not confirmed)";delivery | commissioning/start-up | deep IT integration;"ORGANIZER_RAW_PRICE_NORMALIZED; CURRENCY_NOT_EXPLICIT_IN_ATTACHED_SOURCE";catalog_export_v4.csv;"Decimal comma normalized to decimal point. Amount preserved per original row; duplicate prices are not merged."
price-v4-row-0069;c9e9517c-18f0-47b4-aa05-4344566aa885;69;8 000 000,00;8000000.00;UNKNOWN;ORGANIZER_ASSUMPTION_INCLUDED;"VAT (assumed by organizer; exact rate not confirmed)";delivery | commissioning/start-up | deep IT integration;"ORGANIZER_RAW_PRICE_NORMALIZED; CURRENCY_NOT_EXPLICIT_IN_ATTACHED_SOURCE";catalog_export_v4.csv;"Decimal comma normalized to decimal point. Amount preserved per original row; duplicate prices are not merged."
price-v4-row-0070;3f2a1265-3c35-4823-9d20-1978c86e424b;70;5 000 000,00;5000000.00;UNKNOWN;ORGANIZER_ASSUMPTION_INCLUDED;"VAT (assumed by organizer; exact rate not confirmed)";delivery | commissioning/start-up | deep IT integration;"ORGANIZER_RAW_PRICE_NORMALIZED; CURRENCY_NOT_EXPLICIT_IN_ATTACHED_SOURCE";catalog_export_v4.csv;"Decimal comma normalized to decimal point. Amount preserved per original row; duplicate prices are not merged."
price-v4-row-0071;0265d700-534e-417e-8fde-47de88fc3ebb;71;7 500 000,00;7500000.00;UNKNOWN;ORGANIZER_ASSUMPTION_INCLUDED;"VAT (assumed by organizer; exact rate not confirmed)";delivery | commissioning/start-up | deep IT integration;"ORGANIZER_RAW_PRICE_NORMALIZED; CURRENCY_NOT_EXPLICIT_IN_ATTACHED_SOURCE";catalog_export_v4.csv;"Decimal comma normalized to decimal point. Amount preserved per original row; duplicate prices are not merged."
price-v4-row-0072;d55f507b-b3f2-4666-b3f4-dd3d48813e9d;72;2 000 000,00;2000000.00;UNKNOWN;ORGANIZER_ASSUMPTION_INCLUDED;"VAT (assumed by organizer; exact rate not confirmed)";delivery | commissioning/start-up | deep IT integration;"ORGANIZER_RAW_PRICE_NORMALIZED; CURRENCY_NOT_EXPLICIT_IN_ATTACHED_SOURCE";catalog_export_v4.csv;"Decimal comma normalized to decimal point. Amount preserved per original row; duplicate prices are not merged."
price-v4-row-0073;22b5ba99-bc4f-46a7-9a9b-e4475ecd9fc7;73;12 000 000,00;12000000.00;UNKNOWN;ORGANIZER_ASSUMPTION_INCLUDED;"VAT (assumed by organizer; exact rate not confirmed)";delivery | commissioning/start-up | deep IT integration;"ORGANIZER_RAW_PRICE_NORMALIZED; CURRENCY_NOT_EXPLICIT_IN_ATTACHED_SOURCE";catalog_export_v4.csv;"Decimal comma normalized to decimal point. Amount preserved per original row; duplicate prices are not merged."
price-v4-row-0074;937da5de-b4a1-4a88-ac6d-a97206bdbe98;74;2 000 000,00;2000000.00;UNKNOWN;ORGANIZER_ASSUMPTION_INCLUDED;"VAT (assumed by organizer; exact rate not confirmed)";delivery | commissioning/start-up | deep IT integration;"ORGANIZER_RAW_PRICE_NORMALIZED; CURRENCY_NOT_EXPLICIT_IN_ATTACHED_SOURCE";catalog_export_v4.csv;"Decimal comma normalized to decimal point. Amount preserved per original row; duplicate prices are not merged."
price-v4-row-0075;7dcb35ee-d630-408a-a3d7-54797ac162db;75;2 000 000,00;2000000.00;UNKNOWN;ORGANIZER_ASSUMPTION_INCLUDED;"VAT (assumed by organizer; exact rate not confirmed)";delivery | commissioning/start-up | deep IT integration;"ORGANIZER_RAW_PRICE_NORMALIZED; CURRENCY_NOT_EXPLICIT_IN_ATTACHED_SOURCE";catalog_export_v4.csv;"Decimal comma normalized to decimal point. Amount preserved per original row; duplicate prices are not merged."
price-v4-row-0076;c9c11d90-43b8-450f-b778-65d4f02db031;76;2 000 000,00;2000000.00;UNKNOWN;ORGANIZER_ASSUMPTION_INCLUDED;"VAT (assumed by organizer; exact rate not confirmed)";delivery | commissioning/start-up | deep IT integration;"ORGANIZER_RAW_PRICE_NORMALIZED; CURRENCY_NOT_EXPLICIT_IN_ATTACHED_SOURCE";catalog_export_v4.csv;"Decimal comma normalized to decimal point. Amount preserved per original row; duplicate prices are not merged."
price-v4-row-0077;0073d0bb-54cd-40f0-897b-75b22d3e9f8c;77;4 500 000,00;4500000.00;UNKNOWN;ORGANIZER_ASSUMPTION_INCLUDED;"VAT (assumed by organizer; exact rate not confirmed)";delivery | commissioning/start-up | deep IT integration;"ORGANIZER_RAW_PRICE_NORMALIZED; CURRENCY_NOT_EXPLICIT_IN_ATTACHED_SOURCE";catalog_export_v4.csv;"Decimal comma normalized to decimal point. Amount preserved per original row; duplicate prices are not merged."
price-v4-row-0078;6c0df6e9-ea39-40d2-93af-7aec13d629c7;78;4 000 000,00;4000000.00;UNKNOWN;ORGANIZER_ASSUMPTION_INCLUDED;"VAT (assumed by organizer; exact rate not confirmed)";delivery | commissioning/start-up | deep IT integration;"ORGANIZER_RAW_PRICE_NORMALIZED; CURRENCY_NOT_EXPLICIT_IN_ATTACHED_SOURCE";catalog_export_v4.csv;"Decimal comma normalized to decimal point. Amount preserved per original row; duplicate prices are not merged."
price-v4-row-0079;8dbe4684-18ef-49f7-bced-95969703a49a;79;5 038 000,00;5038000.00;UNKNOWN;ORGANIZER_ASSUMPTION_INCLUDED;"VAT (assumed by organizer; exact rate not confirmed)";delivery | commissioning/start-up | deep IT integration;"ORGANIZER_RAW_PRICE_NORMALIZED; CURRENCY_NOT_EXPLICIT_IN_ATTACHED_SOURCE";catalog_export_v4.csv;"Decimal comma normalized to decimal point. Amount preserved per original row; duplicate prices are not merged."
price-v4-row-0080;6d9890b0-d95a-4bae-8947-0a09d23c30e5;80;5 500 000,00;5500000.00;UNKNOWN;ORGANIZER_ASSUMPTION_INCLUDED;"VAT (assumed by organizer; exact rate not confirmed)";delivery | commissioning/start-up | deep IT integration;"ORGANIZER_RAW_PRICE_NORMALIZED; CURRENCY_NOT_EXPLICIT_IN_ATTACHED_SOURCE";catalog_export_v4.csv;"Decimal comma normalized to decimal point. Amount preserved per original row; duplicate prices are not merged."
price-v4-row-0081;93ad5785-a2bb-47a2-b611-1b9b857cea48;81;13 000 000,00;13000000.00;UNKNOWN;ORGANIZER_ASSUMPTION_INCLUDED;"VAT (assumed by organizer; exact rate not confirmed)";delivery | commissioning/start-up | deep IT integration;"ORGANIZER_RAW_PRICE_NORMALIZED; CURRENCY_NOT_EXPLICIT_IN_ATTACHED_SOURCE";catalog_export_v4.csv;"Decimal comma normalized to decimal point. Amount preserved per original row; duplicate prices are not merged."
price-v4-row-0082;f1c8478c-86c2-4381-96db-08e0ae889b41;82;13 000 000,00;13000000.00;UNKNOWN;ORGANIZER_ASSUMPTION_INCLUDED;"VAT (assumed by organizer; exact rate not confirmed)";delivery | commissioning/start-up | deep IT integration;"ORGANIZER_RAW_PRICE_NORMALIZED; CURRENCY_NOT_EXPLICIT_IN_ATTACHED_SOURCE";catalog_export_v4.csv;"Decimal comma normalized to decimal point. Amount preserved per original row; duplicate prices are not merged."
price-v4-row-0083;3d8ff7d4-19fb-4a21-bc4a-15fb13ad3393;83;3 200 000,00;3200000.00;UNKNOWN;ORGANIZER_ASSUMPTION_INCLUDED;"VAT (assumed by organizer; exact rate not confirmed)";delivery | commissioning/start-up | deep IT integration;"ORGANIZER_RAW_PRICE_NORMALIZED; CURRENCY_NOT_EXPLICIT_IN_ATTACHED_SOURCE";catalog_export_v4.csv;"Decimal comma normalized to decimal point. Amount preserved per original row; duplicate prices are not merged."
price-v4-row-0084;19283c8d-abfd-41a4-a4dd-846392728ea9;84;6 422 000,00;6422000.00;UNKNOWN;ORGANIZER_ASSUMPTION_INCLUDED;"VAT (assumed by organizer; exact rate not confirmed)";delivery | commissioning/start-up | deep IT integration;"ORGANIZER_RAW_PRICE_NORMALIZED; CURRENCY_NOT_EXPLICIT_IN_ATTACHED_SOURCE";catalog_export_v4.csv;"Decimal comma normalized to decimal point. Amount preserved per original row; duplicate prices are not merged."
price-v4-row-0085;79b43d24-a12d-4852-a1b2-db6090f3c824;85;7 500 000,00;7500000.00;UNKNOWN;ORGANIZER_ASSUMPTION_INCLUDED;"VAT (assumed by organizer; exact rate not confirmed)";delivery | commissioning/start-up | deep IT integration;"ORGANIZER_RAW_PRICE_NORMALIZED; CURRENCY_NOT_EXPLICIT_IN_ATTACHED_SOURCE";catalog_export_v4.csv;"Decimal comma normalized to decimal point. Amount preserved per original row; duplicate prices are not merged."
price-v4-row-0086;f381872e-d6aa-43b6-be2a-ba36cc9eb90a;86;3 500 000,00;3500000.00;UNKNOWN;ORGANIZER_ASSUMPTION_INCLUDED;"VAT (assumed by organizer; exact rate not confirmed)";delivery | commissioning/start-up | deep IT integration;"ORGANIZER_RAW_PRICE_NORMALIZED; CURRENCY_NOT_EXPLICIT_IN_ATTACHED_SOURCE";catalog_export_v4.csv;"Decimal comma normalized to decimal point. Amount preserved per original row; duplicate prices are not merged."
price-v4-row-0087;aa8e3b27-df64-4a6a-9248-b1eedb41dd4e;87;12 000 000,00;12000000.00;UNKNOWN;ORGANIZER_ASSUMPTION_INCLUDED;"VAT (assumed by organizer; exact rate not confirmed)";delivery | commissioning/start-up | deep IT integration;"ORGANIZER_RAW_PRICE_NORMALIZED; CURRENCY_NOT_EXPLICIT_IN_ATTACHED_SOURCE";catalog_export_v4.csv;"Decimal comma normalized to decimal point. Amount preserved per original row; duplicate prices are not merged."
price-v4-row-0088;6a8c6254-6885-42bd-afb7-b3b4095fb972;88;4 000 000,00;4000000.00;UNKNOWN;ORGANIZER_ASSUMPTION_INCLUDED;"VAT (assumed by organizer; exact rate not confirmed)";delivery | commissioning/start-up | deep IT integration;"ORGANIZER_RAW_PRICE_NORMALIZED; CURRENCY_NOT_EXPLICIT_IN_ATTACHED_SOURCE";catalog_export_v4.csv;"Decimal comma normalized to decimal point. Amount preserved per original row; duplicate prices are not merged."
price-v4-row-0089;c8331668-727b-4b5f-a39f-bff2248beb5e;89;12 000 000,00;12000000.00;UNKNOWN;ORGANIZER_ASSUMPTION_INCLUDED;"VAT (assumed by organizer; exact rate not confirmed)";delivery | commissioning/start-up | deep IT integration;"ORGANIZER_RAW_PRICE_NORMALIZED; CURRENCY_NOT_EXPLICIT_IN_ATTACHED_SOURCE";catalog_export_v4.csv;"Decimal comma normalized to decimal point. Amount preserved per original row; duplicate prices are not merged."
price-v4-row-0090;9186592a-aa17-47a3-b1bb-1477d71cf28d;90;3 500 000,00;3500000.00;UNKNOWN;ORGANIZER_ASSUMPTION_INCLUDED;"VAT (assumed by organizer; exact rate not confirmed)";delivery | commissioning/start-up | deep IT integration;"ORGANIZER_RAW_PRICE_NORMALIZED; CURRENCY_NOT_EXPLICIT_IN_ATTACHED_SOURCE";catalog_export_v4.csv;"Decimal comma normalized to decimal point. Amount preserved per original row; duplicate prices are not merged."
price-v4-row-0091;3d96dcc2-134a-4f9c-85d1-51963038edab;91;8 000 000,00;8000000.00;UNKNOWN;ORGANIZER_ASSUMPTION_INCLUDED;"VAT (assumed by organizer; exact rate not confirmed)";delivery | commissioning/start-up | deep IT integration;"ORGANIZER_RAW_PRICE_NORMALIZED; CURRENCY_NOT_EXPLICIT_IN_ATTACHED_SOURCE";catalog_export_v4.csv;"Decimal comma normalized to decimal point. Amount preserved per original row; duplicate prices are not merged."
price-v4-row-0092;bd7a808d-3f50-4bd0-93e9-87e9646cfb26;92;3 500 000,00;3500000.00;UNKNOWN;ORGANIZER_ASSUMPTION_INCLUDED;"VAT (assumed by organizer; exact rate not confirmed)";delivery | commissioning/start-up | deep IT integration;"ORGANIZER_RAW_PRICE_NORMALIZED; CURRENCY_NOT_EXPLICIT_IN_ATTACHED_SOURCE";catalog_export_v4.csv;"Decimal comma normalized to decimal point. Amount preserved per original row; duplicate prices are not merged."
price-v4-row-0093;3a18c8b1-ac3d-4a67-a814-b96ef4e58388;93;2 500 000,00;2500000.00;UNKNOWN;ORGANIZER_ASSUMPTION_INCLUDED;"VAT (assumed by organizer; exact rate not confirmed)";delivery | commissioning/start-up | deep IT integration;"ORGANIZER_RAW_PRICE_NORMALIZED; CURRENCY_NOT_EXPLICIT_IN_ATTACHED_SOURCE";catalog_export_v4.csv;"Decimal comma normalized to decimal point. Amount preserved per original row; duplicate prices are not merged."
price-v4-row-0094;3ab89426-fb2c-4f49-b7f9-36fc34a3c98f;94;20 000 000,00;20000000.00;UNKNOWN;ORGANIZER_ASSUMPTION_INCLUDED;"VAT (assumed by organizer; exact rate not confirmed)";delivery | commissioning/start-up | deep IT integration;"ORGANIZER_RAW_PRICE_NORMALIZED; CURRENCY_NOT_EXPLICIT_IN_ATTACHED_SOURCE";catalog_export_v4.csv;"Decimal comma normalized to decimal point. Amount preserved per original row; duplicate prices are not merged."
price-v4-row-0095;74469f3b-8248-46ce-bcd4-34cd8731921c;95;2 500 000,00;2500000.00;UNKNOWN;ORGANIZER_ASSUMPTION_INCLUDED;"VAT (assumed by organizer; exact rate not confirmed)";delivery | commissioning/start-up | deep IT integration;"ORGANIZER_RAW_PRICE_NORMALIZED; CURRENCY_NOT_EXPLICIT_IN_ATTACHED_SOURCE";catalog_export_v4.csv;"Decimal comma normalized to decimal point. Amount preserved per original row; duplicate prices are not merged."
price-v4-row-0096;4469b185-99a3-4ba0-a95a-d5dd6946303a;96;2 500 000,00;2500000.00;UNKNOWN;ORGANIZER_ASSUMPTION_INCLUDED;"VAT (assumed by organizer; exact rate not confirmed)";delivery | commissioning/start-up | deep IT integration;"ORGANIZER_RAW_PRICE_NORMALIZED; CURRENCY_NOT_EXPLICIT_IN_ATTACHED_SOURCE";catalog_export_v4.csv;"Decimal comma normalized to decimal point. Amount preserved per original row; duplicate prices are not merged."
price-v4-row-0097;98ceb2a0-f777-48ef-9863-3f9a80f8a237;97;1 250 000,00;1250000.00;UNKNOWN;ORGANIZER_ASSUMPTION_INCLUDED;"VAT (assumed by organizer; exact rate not confirmed)";delivery | commissioning/start-up | deep IT integration;"ORGANIZER_RAW_PRICE_NORMALIZED; CURRENCY_NOT_EXPLICIT_IN_ATTACHED_SOURCE";catalog_export_v4.csv;"Decimal comma normalized to decimal point. Amount preserved per original row; duplicate prices are not merged."
price-v4-row-0098;cbaf82f3-3cf4-4ac8-9b8f-eddfdeb337ce;98;5 500 000,00;5500000.00;UNKNOWN;ORGANIZER_ASSUMPTION_INCLUDED;"VAT (assumed by organizer; exact rate not confirmed)";delivery | commissioning/start-up | deep IT integration;"ORGANIZER_RAW_PRICE_NORMALIZED; CURRENCY_NOT_EXPLICIT_IN_ATTACHED_SOURCE";catalog_export_v4.csv;"Decimal comma normalized to decimal point. Amount preserved per original row; duplicate prices are not merged."
price-v4-row-0099;1aaa2bd1-c536-41e1-80f0-0f81ab1455b5;99;7 500 000,00;7500000.00;UNKNOWN;ORGANIZER_ASSUMPTION_INCLUDED;"VAT (assumed by organizer; exact rate not confirmed)";delivery | commissioning/start-up | deep IT integration;"ORGANIZER_RAW_PRICE_NORMALIZED; CURRENCY_NOT_EXPLICIT_IN_ATTACHED_SOURCE";catalog_export_v4.csv;"Decimal comma normalized to decimal point. Amount preserved per original row; duplicate prices are not merged."
price-v4-row-0100;bec9e863-0c3d-44cc-a656-766a323a9746;100;3 500 000,00;3500000.00;UNKNOWN;ORGANIZER_ASSUMPTION_INCLUDED;"VAT (assumed by organizer; exact rate not confirmed)";delivery | commissioning/start-up | deep IT integration;"ORGANIZER_RAW_PRICE_NORMALIZED; CURRENCY_NOT_EXPLICIT_IN_ATTACHED_SOURCE";catalog_export_v4.csv;"Decimal comma normalized to decimal point. Amount preserved per original row; duplicate prices are not merged."
price-v4-row-0101;08ff32f6-6023-4b20-b528-322678f43910;101;3 000 000,00;3000000.00;UNKNOWN;ORGANIZER_ASSUMPTION_INCLUDED;"VAT (assumed by organizer; exact rate not confirmed)";delivery | commissioning/start-up | deep IT integration;"ORGANIZER_RAW_PRICE_NORMALIZED; CURRENCY_NOT_EXPLICIT_IN_ATTACHED_SOURCE";catalog_export_v4.csv;"Decimal comma normalized to decimal point. Amount preserved per original row; duplicate prices are not merged."
price-v4-row-0102;807309a0-adcf-46ae-a3ea-bd211588c856;102;8 000 000,00;8000000.00;UNKNOWN;ORGANIZER_ASSUMPTION_INCLUDED;"VAT (assumed by organizer; exact rate not confirmed)";delivery | commissioning/start-up | deep IT integration;"ORGANIZER_RAW_PRICE_NORMALIZED; CURRENCY_NOT_EXPLICIT_IN_ATTACHED_SOURCE";catalog_export_v4.csv;"Decimal comma normalized to decimal point. Amount preserved per original row; duplicate prices are not merged."
price-v4-row-0103;32bea36f-5198-4f16-a167-2e47acd63bd9;103;2 700 000,00;2700000.00;UNKNOWN;ORGANIZER_ASSUMPTION_INCLUDED;"VAT (assumed by organizer; exact rate not confirmed)";delivery | commissioning/start-up | deep IT integration;"ORGANIZER_RAW_PRICE_NORMALIZED; CURRENCY_NOT_EXPLICIT_IN_ATTACHED_SOURCE";catalog_export_v4.csv;"Decimal comma normalized to decimal point. Amount preserved per original row; duplicate prices are not merged."
price-v4-row-0104;f0e502e3-5771-4464-a1df-97110801c7c3;104;8 600 000,00;8600000.00;UNKNOWN;ORGANIZER_ASSUMPTION_INCLUDED;"VAT (assumed by organizer; exact rate not confirmed)";delivery | commissioning/start-up | deep IT integration;"ORGANIZER_RAW_PRICE_NORMALIZED; CURRENCY_NOT_EXPLICIT_IN_ATTACHED_SOURCE";catalog_export_v4.csv;"Decimal comma normalized to decimal point. Amount preserved per original row; duplicate prices are not merged."
price-v4-row-0105;ba5d2051-3036-439f-8b2e-e05e26581fe6;105;15 000 000,00;15000000.00;UNKNOWN;ORGANIZER_ASSUMPTION_INCLUDED;"VAT (assumed by organizer; exact rate not confirmed)";delivery | commissioning/start-up | deep IT integration;"ORGANIZER_RAW_PRICE_NORMALIZED; CURRENCY_NOT_EXPLICIT_IN_ATTACHED_SOURCE";catalog_export_v4.csv;"Decimal comma normalized to decimal point. Amount preserved per original row; duplicate prices are not merged."
price-v4-row-0106;ef375ca1-8de1-4a8d-9262-c1a6b71f0333;106;15 000 000,00;15000000.00;UNKNOWN;ORGANIZER_ASSUMPTION_INCLUDED;"VAT (assumed by organizer; exact rate not confirmed)";delivery | commissioning/start-up | deep IT integration;"ORGANIZER_RAW_PRICE_NORMALIZED; CURRENCY_NOT_EXPLICIT_IN_ATTACHED_SOURCE";catalog_export_v4.csv;"Decimal comma normalized to decimal point. Amount preserved per original row; duplicate prices are not merged."
price-v4-row-0107;2f46660e-ea20-4845-9620-8c743b03225b;107;15 600 000,00;15600000.00;UNKNOWN;ORGANIZER_ASSUMPTION_INCLUDED;"VAT (assumed by organizer; exact rate not confirmed)";delivery | commissioning/start-up | deep IT integration;"ORGANIZER_RAW_PRICE_NORMALIZED; CURRENCY_NOT_EXPLICIT_IN_ATTACHED_SOURCE";catalog_export_v4.csv;"Decimal comma normalized to decimal point. Amount preserved per original row; duplicate prices are not merged."
price-v4-row-0108;d4b39362-518a-4cf2-8770-b69bc03585a0;108;3 000 000,00;3000000.00;UNKNOWN;ORGANIZER_ASSUMPTION_INCLUDED;"VAT (assumed by organizer; exact rate not confirmed)";delivery | commissioning/start-up | deep IT integration;"ORGANIZER_RAW_PRICE_NORMALIZED; CURRENCY_NOT_EXPLICIT_IN_ATTACHED_SOURCE";catalog_export_v4.csv;"Decimal comma normalized to decimal point. Amount preserved per original row; duplicate prices are not merged."
price-v4-row-0109;5cecfb84-143b-4af7-89fb-afbf57403792;109;4 500 000,00;4500000.00;UNKNOWN;ORGANIZER_ASSUMPTION_INCLUDED;"VAT (assumed by organizer; exact rate not confirmed)";delivery | commissioning/start-up | deep IT integration;"ORGANIZER_RAW_PRICE_NORMALIZED; CURRENCY_NOT_EXPLICIT_IN_ATTACHED_SOURCE";catalog_export_v4.csv;"Decimal comma normalized to decimal point. Amount preserved per original row; duplicate prices are not merged."
price-v4-row-0110;0b9f76be-8213-4938-9661-2bb669dc3d33;110;5 000 000,00;5000000.00;UNKNOWN;ORGANIZER_ASSUMPTION_INCLUDED;"VAT (assumed by organizer; exact rate not confirmed)";delivery | commissioning/start-up | deep IT integration;"ORGANIZER_RAW_PRICE_NORMALIZED; CURRENCY_NOT_EXPLICIT_IN_ATTACHED_SOURCE";catalog_export_v4.csv;"Decimal comma normalized to decimal point. Amount preserved per original row; duplicate prices are not merged."
price-v4-row-0111;1625ac11-76d0-4994-a86a-e0a540453984;111;3 000 000,00;3000000.00;UNKNOWN;ORGANIZER_ASSUMPTION_INCLUDED;"VAT (assumed by organizer; exact rate not confirmed)";delivery | commissioning/start-up | deep IT integration;"ORGANIZER_RAW_PRICE_NORMALIZED; CURRENCY_NOT_EXPLICIT_IN_ATTACHED_SOURCE";catalog_export_v4.csv;"Decimal comma normalized to decimal point. Amount preserved per original row; duplicate prices are not merged."
price-v4-row-0112;94795e84-261d-456f-a58c-66b3e79a8213;112;12 000 000,00;12000000.00;UNKNOWN;ORGANIZER_ASSUMPTION_INCLUDED;"VAT (assumed by organizer; exact rate not confirmed)";delivery | commissioning/start-up | deep IT integration;"ORGANIZER_RAW_PRICE_NORMALIZED; CURRENCY_NOT_EXPLICIT_IN_ATTACHED_SOURCE";catalog_export_v4.csv;"Decimal comma normalized to decimal point. Amount preserved per original row; duplicate prices are not merged."
price-v4-row-0113;f2b0dca0-0e77-454d-8d41-d6198a2a82b8;113;12 000 000,00;12000000.00;UNKNOWN;ORGANIZER_ASSUMPTION_INCLUDED;"VAT (assumed by organizer; exact rate not confirmed)";delivery | commissioning/start-up | deep IT integration;"ORGANIZER_RAW_PRICE_NORMALIZED; CURRENCY_NOT_EXPLICIT_IN_ATTACHED_SOURCE";catalog_export_v4.csv;"Decimal comma normalized to decimal point. Amount preserved per original row; duplicate prices are not merged."
price-v4-row-0114;9a941386-07e2-4350-ae35-f0d37a1d9f3f;114;5 000 000,00;5000000.00;UNKNOWN;ORGANIZER_ASSUMPTION_INCLUDED;"VAT (assumed by organizer; exact rate not confirmed)";delivery | commissioning/start-up | deep IT integration;"ORGANIZER_RAW_PRICE_NORMALIZED; CURRENCY_NOT_EXPLICIT_IN_ATTACHED_SOURCE";catalog_export_v4.csv;"Decimal comma normalized to decimal point. Amount preserved per original row; duplicate prices are not merged."
price-v4-row-0115;9f06ff5b-0ed4-42e4-9795-b2cf3ac55fbb;115;4 000 000,00;4000000.00;UNKNOWN;ORGANIZER_ASSUMPTION_INCLUDED;"VAT (assumed by organizer; exact rate not confirmed)";delivery | commissioning/start-up | deep IT integration;"ORGANIZER_RAW_PRICE_NORMALIZED; CURRENCY_NOT_EXPLICIT_IN_ATTACHED_SOURCE";catalog_export_v4.csv;"Decimal comma normalized to decimal point. Amount preserved per original row; duplicate prices are not merged."
price-v4-row-0116;7ad0ceb9-6ea8-4862-9e52-8b352a8b3dda;116;3 500 000,00;3500000.00;UNKNOWN;ORGANIZER_ASSUMPTION_INCLUDED;"VAT (assumed by organizer; exact rate not confirmed)";delivery | commissioning/start-up | deep IT integration;"ORGANIZER_RAW_PRICE_NORMALIZED; CURRENCY_NOT_EXPLICIT_IN_ATTACHED_SOURCE";catalog_export_v4.csv;"Decimal comma normalized to decimal point. Amount preserved per original row; duplicate prices are not merged."
price-v4-row-0117;018cc2dd-3dfe-4bd2-aac6-f54cbebd783e;117;4 000 000,00;4000000.00;UNKNOWN;ORGANIZER_ASSUMPTION_INCLUDED;"VAT (assumed by organizer; exact rate not confirmed)";delivery | commissioning/start-up | deep IT integration;"ORGANIZER_RAW_PRICE_NORMALIZED; CURRENCY_NOT_EXPLICIT_IN_ATTACHED_SOURCE";catalog_export_v4.csv;"Decimal comma normalized to decimal point. Amount preserved per original row; duplicate prices are not merged."
price-v4-row-0118;a51bb921-1931-474f-974e-7c37f9fd9aa0;118;5 000 000,00;5000000.00;UNKNOWN;ORGANIZER_ASSUMPTION_INCLUDED;"VAT (assumed by organizer; exact rate not confirmed)";delivery | commissioning/start-up | deep IT integration;"ORGANIZER_RAW_PRICE_NORMALIZED; CURRENCY_NOT_EXPLICIT_IN_ATTACHED_SOURCE";catalog_export_v4.csv;"Decimal comma normalized to decimal point. Amount preserved per original row; duplicate prices are not merged."
price-v4-row-0119;f1c8478c-86c2-4381-96db-08e0ae889b41;119;13 000 000,00;13000000.00;UNKNOWN;ORGANIZER_ASSUMPTION_INCLUDED;"VAT (assumed by organizer; exact rate not confirmed)";delivery | commissioning/start-up | deep IT integration;"ORGANIZER_RAW_PRICE_NORMALIZED; CURRENCY_NOT_EXPLICIT_IN_ATTACHED_SOURCE";catalog_export_v4.csv;"Decimal comma normalized to decimal point. Amount preserved per original row; duplicate prices are not merged."
price-v4-row-0120;6c0df6e9-ea39-40d2-93af-7aec13d629c7;120;4 000 000,00;4000000.00;UNKNOWN;ORGANIZER_ASSUMPTION_INCLUDED;"VAT (assumed by organizer; exact rate not confirmed)";delivery | commissioning/start-up | deep IT integration;"ORGANIZER_RAW_PRICE_NORMALIZED; CURRENCY_NOT_EXPLICIT_IN_ATTACHED_SOURCE";catalog_export_v4.csv;"Decimal comma normalized to decimal point. Amount preserved per original row; duplicate prices are not merged."
price-v4-row-0121;33fca97e-ef4f-459d-a773-ab58b7f84fd5;121;3 965 000,00;3965000.00;UNKNOWN;ORGANIZER_ASSUMPTION_INCLUDED;"VAT (assumed by organizer; exact rate not confirmed)";delivery | commissioning/start-up | deep IT integration;"ORGANIZER_RAW_PRICE_NORMALIZED; CURRENCY_NOT_EXPLICIT_IN_ATTACHED_SOURCE";catalog_export_v4.csv;"Decimal comma normalized to decimal point. Amount preserved per original row; duplicate prices are not merged."
price-v4-row-0122;845b14b5-e469-4676-a3f3-39725fc6354e;122;4 650 000,00;4650000.00;UNKNOWN;ORGANIZER_ASSUMPTION_INCLUDED;"VAT (assumed by organizer; exact rate not confirmed)";delivery | commissioning/start-up | deep IT integration;"ORGANIZER_RAW_PRICE_NORMALIZED; CURRENCY_NOT_EXPLICIT_IN_ATTACHED_SOURCE";catalog_export_v4.csv;"Decimal comma normalized to decimal point. Amount preserved per original row; duplicate prices are not merged."
price-v4-row-0123;b639b73b-9c1e-4eec-af6f-9662e1d1d171;123;7 000 000,00;7000000.00;UNKNOWN;ORGANIZER_ASSUMPTION_INCLUDED;"VAT (assumed by organizer; exact rate not confirmed)";delivery | commissioning/start-up | deep IT integration;"ORGANIZER_RAW_PRICE_NORMALIZED; CURRENCY_NOT_EXPLICIT_IN_ATTACHED_SOURCE";catalog_export_v4.csv;"Decimal comma normalized to decimal point. Amount preserved per original row; duplicate prices are not merged."
price-v4-row-0124;8dbe4684-18ef-49f7-bced-95969703a49a;124;5 038 000,00;5038000.00;UNKNOWN;ORGANIZER_ASSUMPTION_INCLUDED;"VAT (assumed by organizer; exact rate not confirmed)";delivery | commissioning/start-up | deep IT integration;"ORGANIZER_RAW_PRICE_NORMALIZED; CURRENCY_NOT_EXPLICIT_IN_ATTACHED_SOURCE";catalog_export_v4.csv;"Decimal comma normalized to decimal point. Amount preserved per original row; duplicate prices are not merged."
price-v4-row-0125;c293732e-214e-4473-93fd-15db477db3af;125;1 795 000,00;1795000.00;UNKNOWN;ORGANIZER_ASSUMPTION_INCLUDED;"VAT (assumed by organizer; exact rate not confirmed)";delivery | commissioning/start-up | deep IT integration;"ORGANIZER_RAW_PRICE_NORMALIZED; CURRENCY_NOT_EXPLICIT_IN_ATTACHED_SOURCE";catalog_export_v4.csv;"Decimal comma normalized to decimal point. Amount preserved per original row; duplicate prices are not merged."
price-v4-row-0126;ccb79192-b9e8-418d-b7bd-eb26c78ee461;126;8 500 000,00;8500000.00;UNKNOWN;ORGANIZER_ASSUMPTION_INCLUDED;"VAT (assumed by organizer; exact rate not confirmed)";delivery | commissioning/start-up | deep IT integration;"ORGANIZER_RAW_PRICE_NORMALIZED; CURRENCY_NOT_EXPLICIT_IN_ATTACHED_SOURCE";catalog_export_v4.csv;"Decimal comma normalized to decimal point. Amount preserved per original row; duplicate prices are not merged."
price-v4-row-0127;a3b4c902-9e1b-454b-a2bf-01c6d0e98bdb;127;8 920 000,00;8920000.00;UNKNOWN;ORGANIZER_ASSUMPTION_INCLUDED;"VAT (assumed by organizer; exact rate not confirmed)";delivery | commissioning/start-up | deep IT integration;"ORGANIZER_RAW_PRICE_NORMALIZED; CURRENCY_NOT_EXPLICIT_IN_ATTACHED_SOURCE";catalog_export_v4.csv;"Decimal comma normalized to decimal point. Amount preserved per original row; duplicate prices are not merged."
price-v4-row-0128;1f82ce16-5670-4903-a4ea-bfdbbc710f20;128;2 000 000,00;2000000.00;UNKNOWN;ORGANIZER_ASSUMPTION_INCLUDED;"VAT (assumed by organizer; exact rate not confirmed)";delivery | commissioning/start-up | deep IT integration;"ORGANIZER_RAW_PRICE_NORMALIZED; CURRENCY_NOT_EXPLICIT_IN_ATTACHED_SOURCE";catalog_export_v4.csv;"Decimal comma normalized to decimal point. Amount preserved per original row; duplicate prices are not merged."
price-v4-row-0129;192ce3de-958f-4bad-9440-c2b3ab56634a;129;3 500 000,00;3500000.00;UNKNOWN;ORGANIZER_ASSUMPTION_INCLUDED;"VAT (assumed by organizer; exact rate not confirmed)";delivery | commissioning/start-up | deep IT integration;"ORGANIZER_RAW_PRICE_NORMALIZED; CURRENCY_NOT_EXPLICIT_IN_ATTACHED_SOURCE";catalog_export_v4.csv;"Decimal comma normalized to decimal point. Amount preserved per original row; duplicate prices are not merged."
price-v4-row-0130;164329f5-2baf-47bd-86d5-adabb2fbcbc0;130;2 200 000,00;2200000.00;UNKNOWN;ORGANIZER_ASSUMPTION_INCLUDED;"VAT (assumed by organizer; exact rate not confirmed)";delivery | commissioning/start-up | deep IT integration;"ORGANIZER_RAW_PRICE_NORMALIZED; CURRENCY_NOT_EXPLICIT_IN_ATTACHED_SOURCE";catalog_export_v4.csv;"Decimal comma normalized to decimal point. Amount preserved per original row; duplicate prices are not merged."
price-v4-row-0131;441fadd3-016a-43f9-a331-f6e757c04ce9;131;2 634 670,00;2634670.00;UNKNOWN;ORGANIZER_ASSUMPTION_INCLUDED;"VAT (assumed by organizer; exact rate not confirmed)";delivery | commissioning/start-up | deep IT integration;"ORGANIZER_RAW_PRICE_NORMALIZED; CURRENCY_NOT_EXPLICIT_IN_ATTACHED_SOURCE";catalog_export_v4.csv;"Decimal comma normalized to decimal point. Amount preserved per original row; duplicate prices are not merged."
price-v4-row-0132;ee36ba78-6a9f-4ef8-9296-8ffa022782cd;132;3 500 000,00;3500000.00;UNKNOWN;ORGANIZER_ASSUMPTION_INCLUDED;"VAT (assumed by organizer; exact rate not confirmed)";delivery | commissioning/start-up | deep IT integration;"ORGANIZER_RAW_PRICE_NORMALIZED; CURRENCY_NOT_EXPLICIT_IN_ATTACHED_SOURCE";catalog_export_v4.csv;"Decimal comma normalized to decimal point. Amount preserved per original row; duplicate prices are not merged."
price-v4-row-0133;3d8ff7d4-19fb-4a21-bc4a-15fb13ad3393;133;3 200 000,00;3200000.00;UNKNOWN;ORGANIZER_ASSUMPTION_INCLUDED;"VAT (assumed by organizer; exact rate not confirmed)";delivery | commissioning/start-up | deep IT integration;"ORGANIZER_RAW_PRICE_NORMALIZED; CURRENCY_NOT_EXPLICIT_IN_ATTACHED_SOURCE";catalog_export_v4.csv;"Decimal comma normalized to decimal point. Amount preserved per original row; duplicate prices are not merged."
price-v4-row-0134;3c19d4d7-f1b7-4c46-8169-6c3b6b9345fb;134;6 000 000,00;6000000.00;UNKNOWN;ORGANIZER_ASSUMPTION_INCLUDED;"VAT (assumed by organizer; exact rate not confirmed)";delivery | commissioning/start-up | deep IT integration;"ORGANIZER_RAW_PRICE_NORMALIZED; CURRENCY_NOT_EXPLICIT_IN_ATTACHED_SOURCE";catalog_export_v4.csv;"Decimal comma normalized to decimal point. Amount preserved per original row; duplicate prices are not merged."
price-v4-row-0135;51505cb4-2db8-498b-a16c-421e6b816f82;135;4 200 000,00;4200000.00;UNKNOWN;ORGANIZER_ASSUMPTION_INCLUDED;"VAT (assumed by organizer; exact rate not confirmed)";delivery | commissioning/start-up | deep IT integration;"ORGANIZER_RAW_PRICE_NORMALIZED; CURRENCY_NOT_EXPLICIT_IN_ATTACHED_SOURCE";catalog_export_v4.csv;"Decimal comma normalized to decimal point. Amount preserved per original row; duplicate prices are not merged."
price-v4-row-0136;f347978a-e6d5-473c-be89-2209a2d8c003;136;2 400 000,00;2400000.00;UNKNOWN;ORGANIZER_ASSUMPTION_INCLUDED;"VAT (assumed by organizer; exact rate not confirmed)";delivery | commissioning/start-up | deep IT integration;"ORGANIZER_RAW_PRICE_NORMALIZED; CURRENCY_NOT_EXPLICIT_IN_ATTACHED_SOURCE";catalog_export_v4.csv;"Decimal comma normalized to decimal point. Amount preserved per original row; duplicate prices are not merged."
price-v4-row-0137;7ad0ceb9-6ea8-4862-9e52-8b352a8b3dda;137;3 500 000,00;3500000.00;UNKNOWN;ORGANIZER_ASSUMPTION_INCLUDED;"VAT (assumed by organizer; exact rate not confirmed)";delivery | commissioning/start-up | deep IT integration;"ORGANIZER_RAW_PRICE_NORMALIZED; CURRENCY_NOT_EXPLICIT_IN_ATTACHED_SOURCE";catalog_export_v4.csv;"Decimal comma normalized to decimal point. Amount preserved per original row; duplicate prices are not merged."
price-v4-row-0138;c05b1315-5e53-46fe-bbc1-a5eb6a1aa6ae;138;3 500 000,00;3500000.00;UNKNOWN;ORGANIZER_ASSUMPTION_INCLUDED;"VAT (assumed by organizer; exact rate not confirmed)";delivery | commissioning/start-up | deep IT integration;"ORGANIZER_RAW_PRICE_NORMALIZED; CURRENCY_NOT_EXPLICIT_IN_ATTACHED_SOURCE";catalog_export_v4.csv;"Decimal comma normalized to decimal point. Amount preserved per original row; duplicate prices are not merged."
price-v4-row-0139;f1c8478c-86c2-4381-96db-08e0ae889b41;139;13 000 000,00;13000000.00;UNKNOWN;ORGANIZER_ASSUMPTION_INCLUDED;"VAT (assumed by organizer; exact rate not confirmed)";delivery | commissioning/start-up | deep IT integration;"ORGANIZER_RAW_PRICE_NORMALIZED; CURRENCY_NOT_EXPLICIT_IN_ATTACHED_SOURCE";catalog_export_v4.csv;"Decimal comma normalized to decimal point. Amount preserved per original row; duplicate prices are not merged."
price-v4-row-0140;6c0df6e9-ea39-40d2-93af-7aec13d629c7;140;4 000 000,00;4000000.00;UNKNOWN;ORGANIZER_ASSUMPTION_INCLUDED;"VAT (assumed by organizer; exact rate not confirmed)";delivery | commissioning/start-up | deep IT integration;"ORGANIZER_RAW_PRICE_NORMALIZED; CURRENCY_NOT_EXPLICIT_IN_ATTACHED_SOURCE";catalog_export_v4.csv;"Decimal comma normalized to decimal point. Amount preserved per original row; duplicate prices are not merged."
price-v4-row-0141;33fca97e-ef4f-459d-a773-ab58b7f84fd5;141;3 965 000,00;3965000.00;UNKNOWN;ORGANIZER_ASSUMPTION_INCLUDED;"VAT (assumed by organizer; exact rate not confirmed)";delivery | commissioning/start-up | deep IT integration;"ORGANIZER_RAW_PRICE_NORMALIZED; CURRENCY_NOT_EXPLICIT_IN_ATTACHED_SOURCE";catalog_export_v4.csv;"Decimal comma normalized to decimal point. Amount preserved per original row; duplicate prices are not merged."
price-v4-row-0142;3d8ff7d4-19fb-4a21-bc4a-15fb13ad3393;142;3 200 000,00;3200000.00;UNKNOWN;ORGANIZER_ASSUMPTION_INCLUDED;"VAT (assumed by organizer; exact rate not confirmed)";delivery | commissioning/start-up | deep IT integration;"ORGANIZER_RAW_PRICE_NORMALIZED; CURRENCY_NOT_EXPLICIT_IN_ATTACHED_SOURCE";catalog_export_v4.csv;"Decimal comma normalized to decimal point. Amount preserved per original row; duplicate prices are not merged."
price-v4-row-0143;4d5900ff-77ef-4536-8077-7f18bc242a53;143;3 137 600,00;3137600.00;UNKNOWN;ORGANIZER_ASSUMPTION_INCLUDED;"VAT (assumed by organizer; exact rate not confirmed)";delivery | commissioning/start-up | deep IT integration;"ORGANIZER_RAW_PRICE_NORMALIZED; CURRENCY_NOT_EXPLICIT_IN_ATTACHED_SOURCE";catalog_export_v4.csv;"Decimal comma normalized to decimal point. Amount preserved per original row; duplicate prices are not merged."
price-v4-row-0144;8dbe4684-18ef-49f7-bced-95969703a49a;144;5 038 000,00;5038000.00;UNKNOWN;ORGANIZER_ASSUMPTION_INCLUDED;"VAT (assumed by organizer; exact rate not confirmed)";delivery | commissioning/start-up | deep IT integration;"ORGANIZER_RAW_PRICE_NORMALIZED; CURRENCY_NOT_EXPLICIT_IN_ATTACHED_SOURCE";catalog_export_v4.csv;"Decimal comma normalized to decimal point. Amount preserved per original row; duplicate prices are not merged."
price-v4-row-0145;93ad5785-a2bb-47a2-b611-1b9b857cea48;145;13 000 000,00;13000000.00;UNKNOWN;ORGANIZER_ASSUMPTION_INCLUDED;"VAT (assumed by organizer; exact rate not confirmed)";delivery | commissioning/start-up | deep IT integration;"ORGANIZER_RAW_PRICE_NORMALIZED; CURRENCY_NOT_EXPLICIT_IN_ATTACHED_SOURCE";catalog_export_v4.csv;"Decimal comma normalized to decimal point. Amount preserved per original row; duplicate prices are not merged."
price-v4-row-0146;5778fa74-615d-4f5e-8660-70d0d7ee4b88;146;2 500 000,00;2500000.00;UNKNOWN;ORGANIZER_ASSUMPTION_INCLUDED;"VAT (assumed by organizer; exact rate not confirmed)";delivery | commissioning/start-up | deep IT integration;"ORGANIZER_RAW_PRICE_NORMALIZED; CURRENCY_NOT_EXPLICIT_IN_ATTACHED_SOURCE";catalog_export_v4.csv;"Decimal comma normalized to decimal point. Amount preserved per original row; duplicate prices are not merged."
price-v4-row-0147;bec9e863-0c3d-44cc-a656-766a323a9746;147;3 500 000,00;3500000.00;UNKNOWN;ORGANIZER_ASSUMPTION_INCLUDED;"VAT (assumed by organizer; exact rate not confirmed)";delivery | commissioning/start-up | deep IT integration;"ORGANIZER_RAW_PRICE_NORMALIZED; CURRENCY_NOT_EXPLICIT_IN_ATTACHED_SOURCE";catalog_export_v4.csv;"Decimal comma normalized to decimal point. Amount preserved per original row; duplicate prices are not merged."
price-v4-row-0148;8ab1ea05-1c09-4f71-88a4-fffb0b725d6b;148;5 000 000,00;5000000.00;UNKNOWN;ORGANIZER_ASSUMPTION_INCLUDED;"VAT (assumed by organizer; exact rate not confirmed)";delivery | commissioning/start-up | deep IT integration;"ORGANIZER_RAW_PRICE_NORMALIZED; CURRENCY_NOT_EXPLICIT_IN_ATTACHED_SOURCE";catalog_export_v4.csv;"Decimal comma normalized to decimal point. Amount preserved per original row; duplicate prices are not merged."
price-v4-row-0149;45487628-a2c6-421f-9ea4-761b6c3be240;149;5 000 000,00;5000000.00;UNKNOWN;ORGANIZER_ASSUMPTION_INCLUDED;"VAT (assumed by organizer; exact rate not confirmed)";delivery | commissioning/start-up | deep IT integration;"ORGANIZER_RAW_PRICE_NORMALIZED; CURRENCY_NOT_EXPLICIT_IN_ATTACHED_SOURCE";catalog_export_v4.csv;"Decimal comma normalized to decimal point. Amount preserved per original row; duplicate prices are not merged."
price-v4-row-0150;60023f03-3a54-4d12-a1d7-6a00f8a353be;150;5 000 000,00;5000000.00;UNKNOWN;ORGANIZER_ASSUMPTION_INCLUDED;"VAT (assumed by organizer; exact rate not confirmed)";delivery | commissioning/start-up | deep IT integration;"ORGANIZER_RAW_PRICE_NORMALIZED; CURRENCY_NOT_EXPLICIT_IN_ATTACHED_SOURCE";catalog_export_v4.csv;"Decimal comma normalized to decimal point. Amount preserved per original row; duplicate prices are not merged."
price-v4-row-0151;3416f6ec-ccf2-457f-b076-fa9d09648e33;151;5 000 000,00;5000000.00;UNKNOWN;ORGANIZER_ASSUMPTION_INCLUDED;"VAT (assumed by organizer; exact rate not confirmed)";delivery | commissioning/start-up | deep IT integration;"ORGANIZER_RAW_PRICE_NORMALIZED; CURRENCY_NOT_EXPLICIT_IN_ATTACHED_SOURCE";catalog_export_v4.csv;"Decimal comma normalized to decimal point. Amount preserved per original row; duplicate prices are not merged."
price-v4-row-0152;cd5058fb-f2d3-4bd2-8213-5e708d1cef3b;152;5 000 000,00;5000000.00;UNKNOWN;ORGANIZER_ASSUMPTION_INCLUDED;"VAT (assumed by organizer; exact rate not confirmed)";delivery | commissioning/start-up | deep IT integration;"ORGANIZER_RAW_PRICE_NORMALIZED; CURRENCY_NOT_EXPLICIT_IN_ATTACHED_SOURCE";catalog_export_v4.csv;"Decimal comma normalized to decimal point. Amount preserved per original row; duplicate prices are not merged."
price-v4-row-0153;e0a7a647-8cdf-471a-bf6f-dff6ec9cec7d;153;5 000 000,00;5000000.00;UNKNOWN;ORGANIZER_ASSUMPTION_INCLUDED;"VAT (assumed by organizer; exact rate not confirmed)";delivery | commissioning/start-up | deep IT integration;"ORGANIZER_RAW_PRICE_NORMALIZED; CURRENCY_NOT_EXPLICIT_IN_ATTACHED_SOURCE";catalog_export_v4.csv;"Decimal comma normalized to decimal point. Amount preserved per original row; duplicate prices are not merged."
price-v4-row-0154;5e346a9f-abe8-4aad-a2c2-87ba696942e8;154;5 000 000,00;5000000.00;UNKNOWN;ORGANIZER_ASSUMPTION_INCLUDED;"VAT (assumed by organizer; exact rate not confirmed)";delivery | commissioning/start-up | deep IT integration;"ORGANIZER_RAW_PRICE_NORMALIZED; CURRENCY_NOT_EXPLICIT_IN_ATTACHED_SOURCE";catalog_export_v4.csv;"Decimal comma normalized to decimal point. Amount preserved per original row; duplicate prices are not merged."
price-v4-row-0155;dc9e8ee5-17bf-422d-a621-daa8876e385c;155;8 500 000,00;8500000.00;UNKNOWN;ORGANIZER_ASSUMPTION_INCLUDED;"VAT (assumed by organizer; exact rate not confirmed)";delivery | commissioning/start-up | deep IT integration;"ORGANIZER_RAW_PRICE_NORMALIZED; CURRENCY_NOT_EXPLICIT_IN_ATTACHED_SOURCE";catalog_export_v4.csv;"Decimal comma normalized to decimal point. Amount preserved per original row; duplicate prices are not merged."
price-v4-row-0156;aa6c4a0f-08d6-4e18-aae3-cb3856324c9c;156;9 500 000,00;9500000.00;UNKNOWN;ORGANIZER_ASSUMPTION_INCLUDED;"VAT (assumed by organizer; exact rate not confirmed)";delivery | commissioning/start-up | deep IT integration;"ORGANIZER_RAW_PRICE_NORMALIZED; CURRENCY_NOT_EXPLICIT_IN_ATTACHED_SOURCE";catalog_export_v4.csv;"Decimal comma normalized to decimal point. Amount preserved per original row; duplicate prices are not merged."
price-v4-row-0157;4051cac7-0e4b-408e-b9c0-71fb93471ff7;157;5 700 000,00;5700000.00;UNKNOWN;ORGANIZER_ASSUMPTION_INCLUDED;"VAT (assumed by organizer; exact rate not confirmed)";delivery | commissioning/start-up | deep IT integration;"ORGANIZER_RAW_PRICE_NORMALIZED; CURRENCY_NOT_EXPLICIT_IN_ATTACHED_SOURCE";catalog_export_v4.csv;"Decimal comma normalized to decimal point. Amount preserved per original row; duplicate prices are not merged."
price-v4-row-0158;0a2e93bc-ebd4-4f0e-a4f5-c6097fe7a9b1;158;4 800 000,00;4800000.00;UNKNOWN;ORGANIZER_ASSUMPTION_INCLUDED;"VAT (assumed by organizer; exact rate not confirmed)";delivery | commissioning/start-up | deep IT integration;"ORGANIZER_RAW_PRICE_NORMALIZED; CURRENCY_NOT_EXPLICIT_IN_ATTACHED_SOURCE";catalog_export_v4.csv;"Decimal comma normalized to decimal point. Amount preserved per original row; duplicate prices are not merged."
price-v4-row-0159;012ceb2f-4831-4039-a8db-64e6764884fb;159;2 380 000,00;2380000.00;UNKNOWN;ORGANIZER_ASSUMPTION_INCLUDED;"VAT (assumed by organizer; exact rate not confirmed)";delivery | commissioning/start-up | deep IT integration;"ORGANIZER_RAW_PRICE_NORMALIZED; CURRENCY_NOT_EXPLICIT_IN_ATTACHED_SOURCE";catalog_export_v4.csv;"Decimal comma normalized to decimal point. Amount preserved per original row; duplicate prices are not merged."
price-v4-row-0160;f6cc47ab-c645-4fe5-9bd1-0acc609758f0;160;400 000,00;400000.00;UNKNOWN;ORGANIZER_ASSUMPTION_INCLUDED;"VAT (assumed by organizer; exact rate not confirmed)";delivery | commissioning/start-up | deep IT integration;"ORGANIZER_RAW_PRICE_NORMALIZED; CURRENCY_NOT_EXPLICIT_IN_ATTACHED_SOURCE";catalog_export_v4.csv;"Decimal comma normalized to decimal point. Amount preserved per original row; duplicate prices are not merged."
price-v4-row-0161;ece9a02a-2d71-496f-a29d-39ab24a8e9d9;161;4 600 000,00;4600000.00;UNKNOWN;ORGANIZER_ASSUMPTION_INCLUDED;"VAT (assumed by organizer; exact rate not confirmed)";delivery | commissioning/start-up | deep IT integration;"ORGANIZER_RAW_PRICE_NORMALIZED; CURRENCY_NOT_EXPLICIT_IN_ATTACHED_SOURCE";catalog_export_v4.csv;"Decimal comma normalized to decimal point. Amount preserved per original row; duplicate prices are not merged."
price-v4-row-0162;c7c905b8-1dcd-43de-8d3c-6e4493077e28;162;4 500 000,00;4500000.00;UNKNOWN;ORGANIZER_ASSUMPTION_INCLUDED;"VAT (assumed by organizer; exact rate not confirmed)";delivery | commissioning/start-up | deep IT integration;"ORGANIZER_RAW_PRICE_NORMALIZED; CURRENCY_NOT_EXPLICIT_IN_ATTACHED_SOURCE";catalog_export_v4.csv;"Decimal comma normalized to decimal point. Amount preserved per original row; duplicate prices are not merged."
price-v4-row-0163;e091d100-5f2a-4b05-a012-e972f6367a4d;163;4 775 080,00;4775080.00;UNKNOWN;ORGANIZER_ASSUMPTION_INCLUDED;"VAT (assumed by organizer; exact rate not confirmed)";delivery | commissioning/start-up | deep IT integration;"ORGANIZER_RAW_PRICE_NORMALIZED; CURRENCY_NOT_EXPLICIT_IN_ATTACHED_SOURCE";catalog_export_v4.csv;"Decimal comma normalized to decimal point. Amount preserved per original row; duplicate prices are not merged."
price-v4-row-0164;f1c8478c-86c2-4381-96db-08e0ae889b41;164;13 000 000,00;13000000.00;UNKNOWN;ORGANIZER_ASSUMPTION_INCLUDED;"VAT (assumed by organizer; exact rate not confirmed)";delivery | commissioning/start-up | deep IT integration;"ORGANIZER_RAW_PRICE_NORMALIZED; CURRENCY_NOT_EXPLICIT_IN_ATTACHED_SOURCE";catalog_export_v4.csv;"Decimal comma normalized to decimal point. Amount preserved per original row; duplicate prices are not merged."
price-v4-row-0165;b639b73b-9c1e-4eec-af6f-9662e1d1d171;165;7 000 000,00;7000000.00;UNKNOWN;ORGANIZER_ASSUMPTION_INCLUDED;"VAT (assumed by organizer; exact rate not confirmed)";delivery | commissioning/start-up | deep IT integration;"ORGANIZER_RAW_PRICE_NORMALIZED; CURRENCY_NOT_EXPLICIT_IN_ATTACHED_SOURCE";catalog_export_v4.csv;"Decimal comma normalized to decimal point. Amount preserved per original row; duplicate prices are not merged."
price-v4-row-0166;c293732e-214e-4473-93fd-15db477db3af;166;1 795 000,00;1795000.00;UNKNOWN;ORGANIZER_ASSUMPTION_INCLUDED;"VAT (assumed by organizer; exact rate not confirmed)";delivery | commissioning/start-up | deep IT integration;"ORGANIZER_RAW_PRICE_NORMALIZED; CURRENCY_NOT_EXPLICIT_IN_ATTACHED_SOURCE";catalog_export_v4.csv;"Decimal comma normalized to decimal point. Amount preserved per original row; duplicate prices are not merged."
price-v4-row-0167;6c0df6e9-ea39-40d2-93af-7aec13d629c7;167;4 000 000,00;4000000.00;UNKNOWN;ORGANIZER_ASSUMPTION_INCLUDED;"VAT (assumed by organizer; exact rate not confirmed)";delivery | commissioning/start-up | deep IT integration;"ORGANIZER_RAW_PRICE_NORMALIZED; CURRENCY_NOT_EXPLICIT_IN_ATTACHED_SOURCE";catalog_export_v4.csv;"Decimal comma normalized to decimal point. Amount preserved per original row; duplicate prices are not merged."
price-v4-row-0168;a23855b0-2d22-44f1-838c-b4d23f4a69fb;168;2 155 000,00;2155000.00;UNKNOWN;ORGANIZER_ASSUMPTION_INCLUDED;"VAT (assumed by organizer; exact rate not confirmed)";delivery | commissioning/start-up | deep IT integration;"ORGANIZER_RAW_PRICE_NORMALIZED; CURRENCY_NOT_EXPLICIT_IN_ATTACHED_SOURCE";catalog_export_v4.csv;"Decimal comma normalized to decimal point. Amount preserved per original row; duplicate prices are not merged."
price-v4-row-0169;8eb78e78-ab23-4f2a-9684-65fa37fd3a06;169;2 500 000,00;2500000.00;UNKNOWN;ORGANIZER_ASSUMPTION_INCLUDED;"VAT (assumed by organizer; exact rate not confirmed)";delivery | commissioning/start-up | deep IT integration;"ORGANIZER_RAW_PRICE_NORMALIZED; CURRENCY_NOT_EXPLICIT_IN_ATTACHED_SOURCE";catalog_export_v4.csv;"Decimal comma normalized to decimal point. Amount preserved per original row; duplicate prices are not merged."
price-v4-row-0170;8dbe4684-18ef-49f7-bced-95969703a49a;170;5 038 000,00;5038000.00;UNKNOWN;ORGANIZER_ASSUMPTION_INCLUDED;"VAT (assumed by organizer; exact rate not confirmed)";delivery | commissioning/start-up | deep IT integration;"ORGANIZER_RAW_PRICE_NORMALIZED; CURRENCY_NOT_EXPLICIT_IN_ATTACHED_SOURCE";catalog_export_v4.csv;"Decimal comma normalized to decimal point. Amount preserved per original row; duplicate prices are not merged."
price-v4-row-0171;cf43e50c-bdf6-4069-accb-e16b1d2c670e;171;5 090 000,00;5090000.00;UNKNOWN;ORGANIZER_ASSUMPTION_INCLUDED;"VAT (assumed by organizer; exact rate not confirmed)";delivery | commissioning/start-up | deep IT integration;"ORGANIZER_RAW_PRICE_NORMALIZED; CURRENCY_NOT_EXPLICIT_IN_ATTACHED_SOURCE";catalog_export_v4.csv;"Decimal comma normalized to decimal point. Amount preserved per original row; duplicate prices are not merged."
price-v4-row-0172;22de87a2-a16a-4ce3-9581-1c3eb6f6d2ec;172;10 500 000,00;10500000.00;UNKNOWN;ORGANIZER_ASSUMPTION_INCLUDED;"VAT (assumed by organizer; exact rate not confirmed)";delivery | commissioning/start-up | deep IT integration;"ORGANIZER_RAW_PRICE_NORMALIZED; CURRENCY_NOT_EXPLICIT_IN_ATTACHED_SOURCE";catalog_export_v4.csv;"Decimal comma normalized to decimal point. Amount preserved per original row; duplicate prices are not merged."
price-v4-row-0173;49db955c-62c7-4f69-912f-2745000471fa;173;3 500 000,00;3500000.00;UNKNOWN;ORGANIZER_ASSUMPTION_INCLUDED;"VAT (assumed by organizer; exact rate not confirmed)";delivery | commissioning/start-up | deep IT integration;"ORGANIZER_RAW_PRICE_NORMALIZED; CURRENCY_NOT_EXPLICIT_IN_ATTACHED_SOURCE";catalog_export_v4.csv;"Decimal comma normalized to decimal point. Amount preserved per original row; duplicate prices are not merged."
price-v4-row-0174;6aa68572-2fef-4dd7-bfd5-68d117c558cc;174;4 000 000,00;4000000.00;UNKNOWN;ORGANIZER_ASSUMPTION_INCLUDED;"VAT (assumed by organizer; exact rate not confirmed)";delivery | commissioning/start-up | deep IT integration;"ORGANIZER_RAW_PRICE_NORMALIZED; CURRENCY_NOT_EXPLICIT_IN_ATTACHED_SOURCE";catalog_export_v4.csv;"Decimal comma normalized to decimal point. Amount preserved per original row; duplicate prices are not merged."
price-v4-row-0175;ac5b3159-9df0-4911-8cc3-31227a5b3b59;175;19 338 818,00;19338818.00;UNKNOWN;ORGANIZER_ASSUMPTION_INCLUDED;"VAT (assumed by organizer; exact rate not confirmed)";delivery | commissioning/start-up | deep IT integration;"ORGANIZER_RAW_PRICE_NORMALIZED; CURRENCY_NOT_EXPLICIT_IN_ATTACHED_SOURCE";catalog_export_v4.csv;"Decimal comma normalized to decimal point. Amount preserved per original row; duplicate prices are not merged."
price-v4-row-0176;0861538d-75c8-473e-a2ab-499a6b8c1d49;176;2 200 000,00;2200000.00;UNKNOWN;ORGANIZER_ASSUMPTION_INCLUDED;"VAT (assumed by organizer; exact rate not confirmed)";delivery | commissioning/start-up | deep IT integration;"ORGANIZER_RAW_PRICE_NORMALIZED; CURRENCY_NOT_EXPLICIT_IN_ATTACHED_SOURCE";catalog_export_v4.csv;"Decimal comma normalized to decimal point. Amount preserved per original row; duplicate prices are not merged."
price-v4-row-0177;0aaaa4d1-9ca6-4737-a3d6-92081635402c;177;4 000 000,00;4000000.00;UNKNOWN;ORGANIZER_ASSUMPTION_INCLUDED;"VAT (assumed by organizer; exact rate not confirmed)";delivery | commissioning/start-up | deep IT integration;"ORGANIZER_RAW_PRICE_NORMALIZED; CURRENCY_NOT_EXPLICIT_IN_ATTACHED_SOURCE";catalog_export_v4.csv;"Decimal comma normalized to decimal point. Amount preserved per original row; duplicate prices are not merged."
price-v4-row-0178;bace806b-bb2c-42d1-806b-be4fd48f75f1;178;2 200 000,00;2200000.00;UNKNOWN;ORGANIZER_ASSUMPTION_INCLUDED;"VAT (assumed by organizer; exact rate not confirmed)";delivery | commissioning/start-up | deep IT integration;"ORGANIZER_RAW_PRICE_NORMALIZED; CURRENCY_NOT_EXPLICIT_IN_ATTACHED_SOURCE";catalog_export_v4.csv;"Decimal comma normalized to decimal point. Amount preserved per original row; duplicate prices are not merged."
price-v4-row-0179;04d05489-05fb-46b3-aed0-1012f96d34a3;179;5 500 000,00;5500000.00;UNKNOWN;ORGANIZER_ASSUMPTION_INCLUDED;"VAT (assumed by organizer; exact rate not confirmed)";delivery | commissioning/start-up | deep IT integration;"ORGANIZER_RAW_PRICE_NORMALIZED; CURRENCY_NOT_EXPLICIT_IN_ATTACHED_SOURCE";catalog_export_v4.csv;"Decimal comma normalized to decimal point. Amount preserved per original row; duplicate prices are not merged."
price-v4-row-0180;b86f4613-789b-4cee-9f75-5d010da90b61;180;3 400 000,00;3400000.00;UNKNOWN;ORGANIZER_ASSUMPTION_INCLUDED;"VAT (assumed by organizer; exact rate not confirmed)";delivery | commissioning/start-up | deep IT integration;"ORGANIZER_RAW_PRICE_NORMALIZED; CURRENCY_NOT_EXPLICIT_IN_ATTACHED_SOURCE";catalog_export_v4.csv;"Decimal comma normalized to decimal point. Amount preserved per original row; duplicate prices are not merged."
price-v4-row-0181;26cb8cfb-e0bd-44e7-ae06-22b7bc8379f5;181;5 000 000,00;5000000.00;UNKNOWN;ORGANIZER_ASSUMPTION_INCLUDED;"VAT (assumed by organizer; exact rate not confirmed)";delivery | commissioning/start-up | deep IT integration;"ORGANIZER_RAW_PRICE_NORMALIZED; CURRENCY_NOT_EXPLICIT_IN_ATTACHED_SOURCE";catalog_export_v4.csv;"Decimal comma normalized to decimal point. Amount preserved per original row; duplicate prices are not merged."
price-v4-row-0182;75877a99-cc68-454a-b77f-12f2641337cc;182;5 000 000,00;5000000.00;UNKNOWN;ORGANIZER_ASSUMPTION_INCLUDED;"VAT (assumed by organizer; exact rate not confirmed)";delivery | commissioning/start-up | deep IT integration;"ORGANIZER_RAW_PRICE_NORMALIZED; CURRENCY_NOT_EXPLICIT_IN_ATTACHED_SOURCE";catalog_export_v4.csv;"Decimal comma normalized to decimal point. Amount preserved per original row; duplicate prices are not merged."
price-v4-row-0183;34590532-dff0-4178-a9ca-6782e4db1701;183;5 000 000,00;5000000.00;UNKNOWN;ORGANIZER_ASSUMPTION_INCLUDED;"VAT (assumed by organizer; exact rate not confirmed)";delivery | commissioning/start-up | deep IT integration;"ORGANIZER_RAW_PRICE_NORMALIZED; CURRENCY_NOT_EXPLICIT_IN_ATTACHED_SOURCE";catalog_export_v4.csv;"Decimal comma normalized to decimal point. Amount preserved per original row; duplicate prices are not merged."
price-v4-row-0184;38db0187-c455-4601-9ba1-7a1012485e4a;184;3 600 000,00;3600000.00;UNKNOWN;ORGANIZER_ASSUMPTION_INCLUDED;"VAT (assumed by organizer; exact rate not confirmed)";delivery | commissioning/start-up | deep IT integration;"ORGANIZER_RAW_PRICE_NORMALIZED; CURRENCY_NOT_EXPLICIT_IN_ATTACHED_SOURCE";catalog_export_v4.csv;"Decimal comma normalized to decimal point. Amount preserved per original row; duplicate prices are not merged."
price-v4-row-0185;87af2fe4-1a49-4263-a2a0-85fbd2b87014;185;1 700 000,00;1700000.00;UNKNOWN;ORGANIZER_ASSUMPTION_INCLUDED;"VAT (assumed by organizer; exact rate not confirmed)";delivery | commissioning/start-up | deep IT integration;"ORGANIZER_RAW_PRICE_NORMALIZED; CURRENCY_NOT_EXPLICIT_IN_ATTACHED_SOURCE";catalog_export_v4.csv;"Decimal comma normalized to decimal point. Amount preserved per original row; duplicate prices are not merged."
price-v4-row-0186;4d5900ff-77ef-4536-8077-7f18bc242a53;186;3 137 600,00;3137600.00;UNKNOWN;ORGANIZER_ASSUMPTION_INCLUDED;"VAT (assumed by organizer; exact rate not confirmed)";delivery | commissioning/start-up | deep IT integration;"ORGANIZER_RAW_PRICE_NORMALIZED; CURRENCY_NOT_EXPLICIT_IN_ATTACHED_SOURCE";catalog_export_v4.csv;"Decimal comma normalized to decimal point. Amount preserved per original row; duplicate prices are not merged."
price-v4-row-0187;f1c8478c-86c2-4381-96db-08e0ae889b41;187;13 000 000,00;13000000.00;UNKNOWN;ORGANIZER_ASSUMPTION_INCLUDED;"VAT (assumed by organizer; exact rate not confirmed)";delivery | commissioning/start-up | deep IT integration;"ORGANIZER_RAW_PRICE_NORMALIZED; CURRENCY_NOT_EXPLICIT_IN_ATTACHED_SOURCE";catalog_export_v4.csv;"Decimal comma normalized to decimal point. Amount preserved per original row; duplicate prices are not merged."
price-v4-row-0188;cf9643b1-7a04-429c-9ac2-33060c9f42dd;188;6 000 000,00;6000000.00;UNKNOWN;ORGANIZER_ASSUMPTION_INCLUDED;"VAT (assumed by organizer; exact rate not confirmed)";delivery | commissioning/start-up | deep IT integration;"ORGANIZER_RAW_PRICE_NORMALIZED; CURRENCY_NOT_EXPLICIT_IN_ATTACHED_SOURCE";catalog_export_v4.csv;"Decimal comma normalized to decimal point. Amount preserved per original row; duplicate prices are not merged."
price-v4-row-0189;28a5afa8-0473-4f80-99a9-b2922b76810f;189;4 000 000,00;4000000.00;UNKNOWN;ORGANIZER_ASSUMPTION_INCLUDED;"VAT (assumed by organizer; exact rate not confirmed)";delivery | commissioning/start-up | deep IT integration;"ORGANIZER_RAW_PRICE_NORMALIZED; CURRENCY_NOT_EXPLICIT_IN_ATTACHED_SOURCE";catalog_export_v4.csv;"Decimal comma normalized to decimal point. Amount preserved per original row; duplicate prices are not merged."
price-v4-row-0190;d59a8cc3-4edf-428b-8b36-783ac2bf1514;190;14 000 000,00;14000000.00;UNKNOWN;ORGANIZER_ASSUMPTION_INCLUDED;"VAT (assumed by organizer; exact rate not confirmed)";delivery | commissioning/start-up | deep IT integration;"ORGANIZER_RAW_PRICE_NORMALIZED; CURRENCY_NOT_EXPLICIT_IN_ATTACHED_SOURCE";catalog_export_v4.csv;"Decimal comma normalized to decimal point. Amount preserved per original row; duplicate prices are not merged."
price-v4-row-0191;d532535e-0a3b-48f4-98bd-a063f2c743db;191;4 000 000,00;4000000.00;UNKNOWN;ORGANIZER_ASSUMPTION_INCLUDED;"VAT (assumed by organizer; exact rate not confirmed)";delivery | commissioning/start-up | deep IT integration;"ORGANIZER_RAW_PRICE_NORMALIZED; CURRENCY_NOT_EXPLICIT_IN_ATTACHED_SOURCE";catalog_export_v4.csv;"Decimal comma normalized to decimal point. Amount preserved per original row; duplicate prices are not merged."
price-v4-row-0192;0861538d-75c8-473e-a2ab-499a6b8c1d49;192;2 200 000,00;2200000.00;UNKNOWN;ORGANIZER_ASSUMPTION_INCLUDED;"VAT (assumed by organizer; exact rate not confirmed)";delivery | commissioning/start-up | deep IT integration;"ORGANIZER_RAW_PRICE_NORMALIZED; CURRENCY_NOT_EXPLICIT_IN_ATTACHED_SOURCE";catalog_export_v4.csv;"Decimal comma normalized to decimal point. Amount preserved per original row; duplicate prices are not merged."
price-v4-row-0193;ac5b3159-9df0-4911-8cc3-31227a5b3b59;193;19 338 818,00;19338818.00;UNKNOWN;ORGANIZER_ASSUMPTION_INCLUDED;"VAT (assumed by organizer; exact rate not confirmed)";delivery | commissioning/start-up | deep IT integration;"ORGANIZER_RAW_PRICE_NORMALIZED; CURRENCY_NOT_EXPLICIT_IN_ATTACHED_SOURCE";catalog_export_v4.csv;"Decimal comma normalized to decimal point. Amount preserved per original row; duplicate prices are not merged."
price-v4-row-0194;38db0187-c455-4601-9ba1-7a1012485e4a;194;3 000 000,00;3000000.00;UNKNOWN;ORGANIZER_ASSUMPTION_INCLUDED;"VAT (assumed by organizer; exact rate not confirmed)";delivery | commissioning/start-up | deep IT integration;"ORGANIZER_RAW_PRICE_NORMALIZED; CURRENCY_NOT_EXPLICIT_IN_ATTACHED_SOURCE";catalog_export_v4.csv;"Decimal comma normalized to decimal point. Amount preserved per original row; duplicate prices are not merged."
price-v4-row-0195;f551e523-fa94-4a0b-a2c8-56ace2f51818;195;4 000 000,00;4000000.00;UNKNOWN;ORGANIZER_ASSUMPTION_INCLUDED;"VAT (assumed by organizer; exact rate not confirmed)";delivery | commissioning/start-up | deep IT integration;"ORGANIZER_RAW_PRICE_NORMALIZED; CURRENCY_NOT_EXPLICIT_IN_ATTACHED_SOURCE";catalog_export_v4.csv;"Decimal comma normalized to decimal point. Amount preserved per original row; duplicate prices are not merged."
price-v4-row-0196;7d1f1ab8-9bc2-45a0-9d76-c1de80c029df;196;120 000 000,00;120000000.00;UNKNOWN;ORGANIZER_ASSUMPTION_INCLUDED;"VAT (assumed by organizer; exact rate not confirmed)";delivery | commissioning/start-up | deep IT integration;"ORGANIZER_RAW_PRICE_NORMALIZED; CURRENCY_NOT_EXPLICIT_IN_ATTACHED_SOURCE";catalog_export_v4.csv;"Decimal comma normalized to decimal point. Amount preserved per original row; duplicate prices are not merged."
price-v4-row-0197;8900ef0c-62a4-4f79-92dc-402d6ac9fb72;197;120 000 000,00;120000000.00;UNKNOWN;ORGANIZER_ASSUMPTION_INCLUDED;"VAT (assumed by organizer; exact rate not confirmed)";delivery | commissioning/start-up | deep IT integration;"ORGANIZER_RAW_PRICE_NORMALIZED; CURRENCY_NOT_EXPLICIT_IN_ATTACHED_SOURCE";catalog_export_v4.csv;"Decimal comma normalized to decimal point. Amount preserved per original row; duplicate prices are not merged."
price-v4-row-0198;a834aa03-136e-4f61-a1d6-b5563d798f68;198;20 000 000,00;20000000.00;UNKNOWN;ORGANIZER_ASSUMPTION_INCLUDED;"VAT (assumed by organizer; exact rate not confirmed)";delivery | commissioning/start-up | deep IT integration;"ORGANIZER_RAW_PRICE_NORMALIZED; CURRENCY_NOT_EXPLICIT_IN_ATTACHED_SOURCE";catalog_export_v4.csv;"Decimal comma normalized to decimal point. Amount preserved per original row; duplicate prices are not merged."
price-v4-row-0199;5bda11dc-0ea8-47fa-8f73-5ff324575af8;199;4 500 000,00;4500000.00;UNKNOWN;ORGANIZER_ASSUMPTION_INCLUDED;"VAT (assumed by organizer; exact rate not confirmed)";delivery | commissioning/start-up | deep IT integration;"ORGANIZER_RAW_PRICE_NORMALIZED; CURRENCY_NOT_EXPLICIT_IN_ATTACHED_SOURCE";catalog_export_v4.csv;"Decimal comma normalized to decimal point. Amount preserved per original row; duplicate prices are not merged."
price-v4-row-0200;6c8ca14a-e25e-4051-9165-de89fbf5c283;200;4 200 000,00;4200000.00;UNKNOWN;ORGANIZER_ASSUMPTION_INCLUDED;"VAT (assumed by organizer; exact rate not confirmed)";delivery | commissioning/start-up | deep IT integration;"ORGANIZER_RAW_PRICE_NORMALIZED; CURRENCY_NOT_EXPLICIT_IN_ATTACHED_SOURCE";catalog_export_v4.csv;"Decimal comma normalized to decimal point. Amount preserved per original row; duplicate prices are not merged."
price-v4-row-0201;0749847e-b059-4f55-ad40-b5d6eddc703a;201;4 200 000,00;4200000.00;UNKNOWN;ORGANIZER_ASSUMPTION_INCLUDED;"VAT (assumed by organizer; exact rate not confirmed)";delivery | commissioning/start-up | deep IT integration;"ORGANIZER_RAW_PRICE_NORMALIZED; CURRENCY_NOT_EXPLICIT_IN_ATTACHED_SOURCE";catalog_export_v4.csv;"Decimal comma normalized to decimal point. Amount preserved per original row; duplicate prices are not merged."
price-v4-row-0202;2c5d6d69-1a64-4846-bcc0-bb6119af4558;202;4 200 000,00;4200000.00;UNKNOWN;ORGANIZER_ASSUMPTION_INCLUDED;"VAT (assumed by organizer; exact rate not confirmed)";delivery | commissioning/start-up | deep IT integration;"ORGANIZER_RAW_PRICE_NORMALIZED; CURRENCY_NOT_EXPLICIT_IN_ATTACHED_SOURCE";catalog_export_v4.csv;"Decimal comma normalized to decimal point. Amount preserved per original row; duplicate prices are not merged."
price-v4-row-0203;2d247e24-f7ff-4952-816e-61b6eea96664;203;42 000 000,00;42000000.00;UNKNOWN;ORGANIZER_ASSUMPTION_INCLUDED;"VAT (assumed by organizer; exact rate not confirmed)";delivery | commissioning/start-up | deep IT integration;"ORGANIZER_RAW_PRICE_NORMALIZED; CURRENCY_NOT_EXPLICIT_IN_ATTACHED_SOURCE";catalog_export_v4.csv;"Decimal comma normalized to decimal point. Amount preserved per original row; duplicate prices are not merged."
price-v4-row-0204;8ab1ea05-1c09-4f71-88a4-fffb0b725d6b;204;5 000 000,00;5000000.00;UNKNOWN;ORGANIZER_ASSUMPTION_INCLUDED;"VAT (assumed by organizer; exact rate not confirmed)";delivery | commissioning/start-up | deep IT integration;"ORGANIZER_RAW_PRICE_NORMALIZED; CURRENCY_NOT_EXPLICIT_IN_ATTACHED_SOURCE";catalog_export_v4.csv;"Decimal comma normalized to decimal point. Amount preserved per original row; duplicate prices are not merged."
price-v4-row-0205;3b6ed000-db61-40d2-a1fc-aed019e7007c;205;5 000 000,00;5000000.00;UNKNOWN;ORGANIZER_ASSUMPTION_INCLUDED;"VAT (assumed by organizer; exact rate not confirmed)";delivery | commissioning/start-up | deep IT integration;"ORGANIZER_RAW_PRICE_NORMALIZED; CURRENCY_NOT_EXPLICIT_IN_ATTACHED_SOURCE";catalog_export_v4.csv;"Decimal comma normalized to decimal point. Amount preserved per original row; duplicate prices are not merged."
price-v4-row-0206;2603f59e-cd37-49f3-85ca-705ec956e37a;206;80 000 000,00;80000000.00;UNKNOWN;ORGANIZER_ASSUMPTION_INCLUDED;"VAT (assumed by organizer; exact rate not confirmed)";delivery | commissioning/start-up | deep IT integration;"ORGANIZER_RAW_PRICE_NORMALIZED; CURRENCY_NOT_EXPLICIT_IN_ATTACHED_SOURCE";catalog_export_v4.csv;"Decimal comma normalized to decimal point. Amount preserved per original row; duplicate prices are not merged."
price-v4-row-0207;1a694805-4d3a-42ff-80b9-5f68525e76b5;207;5 000 000,00;5000000.00;UNKNOWN;ORGANIZER_ASSUMPTION_INCLUDED;"VAT (assumed by organizer; exact rate not confirmed)";delivery | commissioning/start-up | deep IT integration;"ORGANIZER_RAW_PRICE_NORMALIZED; CURRENCY_NOT_EXPLICIT_IN_ATTACHED_SOURCE";catalog_export_v4.csv;"Decimal comma normalized to decimal point. Amount preserved per original row; duplicate prices are not merged."
price-v4-row-0208;3cae8286-ea39-4329-b7fd-6444cf2f6f91;208;5 000 000,00;5000000.00;UNKNOWN;ORGANIZER_ASSUMPTION_INCLUDED;"VAT (assumed by organizer; exact rate not confirmed)";delivery | commissioning/start-up | deep IT integration;"ORGANIZER_RAW_PRICE_NORMALIZED; CURRENCY_NOT_EXPLICIT_IN_ATTACHED_SOURCE";catalog_export_v4.csv;"Decimal comma normalized to decimal point. Amount preserved per original row; duplicate prices are not merged."
price-v4-row-0209;b5ead192-27fb-4898-b267-edff4ed825a0;209;3 000 000,00;3000000.00;UNKNOWN;ORGANIZER_ASSUMPTION_INCLUDED;"VAT (assumed by organizer; exact rate not confirmed)";delivery | commissioning/start-up | deep IT integration;"ORGANIZER_RAW_PRICE_NORMALIZED; CURRENCY_NOT_EXPLICIT_IN_ATTACHED_SOURCE";catalog_export_v4.csv;"Decimal comma normalized to decimal point. Amount preserved per original row; duplicate prices are not merged."
price-v4-row-0210;00ddbb71-8fca-4cb1-9998-78250c62ea03;210;4 200 000,00;4200000.00;UNKNOWN;ORGANIZER_ASSUMPTION_INCLUDED;"VAT (assumed by organizer; exact rate not confirmed)";delivery | commissioning/start-up | deep IT integration;"ORGANIZER_RAW_PRICE_NORMALIZED; CURRENCY_NOT_EXPLICIT_IN_ATTACHED_SOURCE";catalog_export_v4.csv;"Decimal comma normalized to decimal point. Amount preserved per original row; duplicate prices are not merged."
price-v4-row-0211;23195034-45aa-48c1-8cb5-1f384c2cacb7;211;4 200 000,00;4200000.00;UNKNOWN;ORGANIZER_ASSUMPTION_INCLUDED;"VAT (assumed by organizer; exact rate not confirmed)";delivery | commissioning/start-up | deep IT integration;"ORGANIZER_RAW_PRICE_NORMALIZED; CURRENCY_NOT_EXPLICIT_IN_ATTACHED_SOURCE";catalog_export_v4.csv;"Decimal comma normalized to decimal point. Amount preserved per original row; duplicate prices are not merged."
price-v4-row-0212;64061eae-b7cb-4aa2-bacd-92e8cdf9097b;212;4 200 000,00;4200000.00;UNKNOWN;ORGANIZER_ASSUMPTION_INCLUDED;"VAT (assumed by organizer; exact rate not confirmed)";delivery | commissioning/start-up | deep IT integration;"ORGANIZER_RAW_PRICE_NORMALIZED; CURRENCY_NOT_EXPLICIT_IN_ATTACHED_SOURCE";catalog_export_v4.csv;"Decimal comma normalized to decimal point. Amount preserved per original row; duplicate prices are not merged."
price-v4-row-0213;3d8ff7d4-19fb-4a21-bc4a-15fb13ad3393;213;3 200 000,00;3200000.00;UNKNOWN;ORGANIZER_ASSUMPTION_INCLUDED;"VAT (assumed by organizer; exact rate not confirmed)";delivery | commissioning/start-up | deep IT integration;"ORGANIZER_RAW_PRICE_NORMALIZED; CURRENCY_NOT_EXPLICIT_IN_ATTACHED_SOURCE";catalog_export_v4.csv;"Decimal comma normalized to decimal point. Amount preserved per original row; duplicate prices are not merged."
price-v4-row-0214;b639b73b-9c1e-4eec-af6f-9662e1d1d171;214;7 000 000,00;7000000.00;UNKNOWN;ORGANIZER_ASSUMPTION_INCLUDED;"VAT (assumed by organizer; exact rate not confirmed)";delivery | commissioning/start-up | deep IT integration;"ORGANIZER_RAW_PRICE_NORMALIZED; CURRENCY_NOT_EXPLICIT_IN_ATTACHED_SOURCE";catalog_export_v4.csv;"Decimal comma normalized to decimal point. Amount preserved per original row; duplicate prices are not merged."
price-v4-row-0215;6c0df6e9-ea39-40d2-93af-7aec13d629c7;215;4 000 000,00;4000000.00;UNKNOWN;ORGANIZER_ASSUMPTION_INCLUDED;"VAT (assumed by organizer; exact rate not confirmed)";delivery | commissioning/start-up | deep IT integration;"ORGANIZER_RAW_PRICE_NORMALIZED; CURRENCY_NOT_EXPLICIT_IN_ATTACHED_SOURCE";catalog_export_v4.csv;"Decimal comma normalized to decimal point. Amount preserved per original row; duplicate prices are not merged."
price-v4-row-0216;22de87a2-a16a-4ce3-9581-1c3eb6f6d2ec;216;10 500 000,00;10500000.00;UNKNOWN;ORGANIZER_ASSUMPTION_INCLUDED;"VAT (assumed by organizer; exact rate not confirmed)";delivery | commissioning/start-up | deep IT integration;"ORGANIZER_RAW_PRICE_NORMALIZED; CURRENCY_NOT_EXPLICIT_IN_ATTACHED_SOURCE";catalog_export_v4.csv;"Decimal comma normalized to decimal point. Amount preserved per original row; duplicate prices are not merged."
price-v4-row-0217;8dbe4684-18ef-49f7-bced-95969703a49a;217;5 038 000,00;5038000.00;UNKNOWN;ORGANIZER_ASSUMPTION_INCLUDED;"VAT (assumed by organizer; exact rate not confirmed)";delivery | commissioning/start-up | deep IT integration;"ORGANIZER_RAW_PRICE_NORMALIZED; CURRENCY_NOT_EXPLICIT_IN_ATTACHED_SOURCE";catalog_export_v4.csv;"Decimal comma normalized to decimal point. Amount preserved per original row; duplicate prices are not merged."
price-v4-row-0218;42aed284-0f9c-45f4-a395-d7a5bf4fb5e7;218;7 870 000,00;7870000.00;UNKNOWN;ORGANIZER_ASSUMPTION_INCLUDED;"VAT (assumed by organizer; exact rate not confirmed)";delivery | commissioning/start-up | deep IT integration;"ORGANIZER_RAW_PRICE_NORMALIZED; CURRENCY_NOT_EXPLICIT_IN_ATTACHED_SOURCE";catalog_export_v4.csv;"Decimal comma normalized to decimal point. Amount preserved per original row; duplicate prices are not merged."
price-v4-row-0219;b5ead192-27fb-4898-b267-edff4ed825a0;219;3 000 000,00;3000000.00;UNKNOWN;ORGANIZER_ASSUMPTION_INCLUDED;"VAT (assumed by organizer; exact rate not confirmed)";delivery | commissioning/start-up | deep IT integration;"ORGANIZER_RAW_PRICE_NORMALIZED; CURRENCY_NOT_EXPLICIT_IN_ATTACHED_SOURCE";catalog_export_v4.csv;"Decimal comma normalized to decimal point. Amount preserved per original row; duplicate prices are not merged."
price-v4-row-0220;a23855b0-2d22-44f1-838c-b4d23f4a69fb;220;2 155 000,00;2155000.00;UNKNOWN;ORGANIZER_ASSUMPTION_INCLUDED;"VAT (assumed by organizer; exact rate not confirmed)";delivery | commissioning/start-up | deep IT integration;"ORGANIZER_RAW_PRICE_NORMALIZED; CURRENCY_NOT_EXPLICIT_IN_ATTACHED_SOURCE";catalog_export_v4.csv;"Decimal comma normalized to decimal point. Amount preserved per original row; duplicate prices are not merged."
price-v4-row-0221;f1c8478c-86c2-4381-96db-08e0ae889b41;221;13 000 000,00;13000000.00;UNKNOWN;ORGANIZER_ASSUMPTION_INCLUDED;"VAT (assumed by organizer; exact rate not confirmed)";delivery | commissioning/start-up | deep IT integration;"ORGANIZER_RAW_PRICE_NORMALIZED; CURRENCY_NOT_EXPLICIT_IN_ATTACHED_SOURCE";catalog_export_v4.csv;"Decimal comma normalized to decimal point. Amount preserved per original row; duplicate prices are not merged."
price-v4-row-0222;3e262660-f12a-4eff-8c26-ccf36f923755;222;17 025 000,00;17025000.00;UNKNOWN;ORGANIZER_ASSUMPTION_INCLUDED;"VAT (assumed by organizer; exact rate not confirmed)";delivery | commissioning/start-up | deep IT integration;"ORGANIZER_RAW_PRICE_NORMALIZED; CURRENCY_NOT_EXPLICIT_IN_ATTACHED_SOURCE";catalog_export_v4.csv;"Decimal comma normalized to decimal point. Amount preserved per original row; duplicate prices are not merged."
price-v4-row-0223;34aa6c6a-e650-4327-ae15-9bad2024b007;223;3 500 000,00;3500000.00;UNKNOWN;ORGANIZER_ASSUMPTION_INCLUDED;"VAT (assumed by organizer; exact rate not confirmed)";delivery | commissioning/start-up | deep IT integration;"ORGANIZER_RAW_PRICE_NORMALIZED; CURRENCY_NOT_EXPLICIT_IN_ATTACHED_SOURCE";catalog_export_v4.csv;"Decimal comma normalized to decimal point. Amount preserved per original row; duplicate prices are not merged."
price-v4-row-0224;afa183fe-b6d2-467c-9e2d-a0a2310d8f3d;224;4 500 000,00;4500000.00;UNKNOWN;ORGANIZER_ASSUMPTION_INCLUDED;"VAT (assumed by organizer; exact rate not confirmed)";delivery | commissioning/start-up | deep IT integration;"ORGANIZER_RAW_PRICE_NORMALIZED; CURRENCY_NOT_EXPLICIT_IN_ATTACHED_SOURCE";catalog_export_v4.csv;"Decimal comma normalized to decimal point. Amount preserved per original row; duplicate prices are not merged."
